age,education_level,lived_in_urban_area,social_clas,household_member,household_income,household_expenditure,percent_monthly_expenditure_for_food,health_factor,price_factor,religious_value_in_type_of_food,religious_value_in_eating_places,religious_value_in_consumption_pattern,custom_value_in_type_of_food,custom_value_in_eating_places,custom_value_in_consumption_pattern,practice_of_food_consumption_based_on_religious_rules,practice_of_food_consumption_based_on_custom_rules,buying_food_product_in_the_right_place_based_on_religious_rules,type_of_dishes_variation_based_on_religious_rules,practice_of_consuming_traditional_food,city_Bandung,city_Denpasar,city_Jakarta,city_Makasar,city_Surabaya,province_Bali,province_DKI Jakarta,province_East Java,province_South Sulawesi,province_West Java,gender_Male,ethnic_Bali,ethnic_Batak,ethnic_Bugis,ethnic_Java,ethnic_Madura,ethnic_Minang,ethnic_Other,ethnic_Sunda,religion_Budha,religion_Catholic,religion_Hindu,religion_Islam,religion_Other,religion_Protestant,occupation_Enterpreneur,occupation_Government Employees,occupation_Independent Worker,occupation_Police Officer‎/Army,occupation_Private Employees,occupation_Teacher‎/Lecturer,time_of_income_receipt_Daily,time_of_income_receipt_Monthly,time_of_income_receipt_Weekly
31,2,31,0,5,3.08,3.02,57,1,3,4,2,3,4,2,2,2,1,2,3,3,0,0,1,0,0,0,1,0,0,0,0,0,0,0,1,0,0,0,0,0,0,0,1,0,0,0,0,0,0,1,0,1,0,0
36,4,32,0,6,4.02,4.01,43,2,4,4,3,3,4,3,3,1,2,2,2,4,0,0,1,0,0,0,1,0,0,0,0,0,0,0,1,0,0,0,0,0,0,0,1,0,0,0,0,0,0,1,0,0,0,1
24,2,24,1,5,5.08,5.05,38,2,3,2,3,2,2,1,3,1,2,2,2,2,0,0,1,0,0,0,1,0,0,0,1,0,0,0,1,0,0,0,0,0,0,0,1,0,0,0,0,0,0,1,0,0,0,1
63,2,32,0,5,3.01,2.08,61,2,3,3,3,2,3,2,3,3,2,1,2,3,0,0,1,0,0,0,1,0,0,0,0,0,0,0,0,0,0,1,0,0,0,0,1,0,0,0,0,0,0,1,0,1,0,0
43,0,43,0,6,3.04,3.01,58,0,4,2,4,2,2,2,4,4,3,1,3,3,0,0,1,0,0,0,1,0,0,0,1,0,1,0,0,0,0,0,0,0,0,0,0,0,1,0,1,0,0,0,0,1,0,0
47,2,47,0,6,4.01,5.03,34,1,4,3,4,3,3,2,4,4,1,1,4,3,0,0,1,0,0,0,1,0,0,0,0,0,0,0,1,0,0,0,0,0,0,0,0,0,1,0,1,0,0,0,0,0,0,1
28,2,28,2,7,13.0,11.08,26,3,1,4,4,3,2,2,4,4,3,1,3,3,0,0,1,0,0,0,1,0,0,0,0,0,0,0,1,0,0,0,0,0,1,0,0,0,0,1,0,0,0,0,0,0,1,0
48,2,31,0,6,3.02,2.06,57,1,3,4,2,3,1,2,2,2,2,1,2,3,0,0,1,0,0,0,1,0,0,0,0,0,0,0,1,0,0,0,0,0,0,0,1,0,0,1,0,0,0,0,0,1,0,0
36,2,36,2,6,10.03,10.0,24,2,1,4,3,3,2,1,3,2,2,1,2,3,0,0,1,0,0,0,1,0,0,0,0,0,0,0,1,0,0,0,0,0,0,0,1,0,0,1,0,0,0,0,0,0,1,0
39,4,19,2,7,14.02,13.09,27,4,1,3,2,3,3,1,2,2,4,3,4,3,0,0,1,0,0,0,1,0,0,0,0,0,0,0,0,0,0,1,0,0,0,0,0,0,1,0,0,0,0,1,0,0,1,0
53,5,12,0,8,3.04,3.01,67,1,4,4,3,4,4,1,3,2,2,3,2,3,0,0,1,0,0,0,1,0,0,0,1,0,1,0,0,0,0,0,0,0,1,0,0,0,0,0,0,0,0,1,0,1,0,0
57,0,22,1,7,4.01,4.04,36,2,4,4,2,4,2,2,2,2,2,2,2,4,0,0,1,0,0,0,1,0,0,0,1,0,0,0,1,0,0,0,0,0,0,0,1,0,0,0,0,0,0,1,0,0,0,1
46,4,22,0,7,5.08,5.04,42,1,3,4,4,4,3,2,1,2,3,3,3,4,0,0,1,0,0,0,1,0,0,0,0,0,0,0,1,0,0,0,0,0,0,0,1,0,0,0,0,0,0,1,0,0,0,1
53,4,22,0,7,2.03,1.09,73,1,4,4,4,4,2,2,2,2,2,1,2,4,0,0,1,0,0,0,1,0,0,0,0,0,0,0,1,0,0,0,0,0,0,0,1,0,0,0,0,0,0,1,0,1,0,0
58,4,28,1,7,4.02,4.05,41,4,4,3,4,3,3,3,3,3,4,2,4,3,0,0,1,0,0,0,1,0,0,0,1,0,0,0,1,0,0,0,0,0,0,0,1,0,0,0,0,0,0,1,0,0,0,1
62,2,11,1,5,5.09,4.05,33,3,3,2,4,2,2,2,4,4,3,2,3,4,0,0,1,0,0,0,1,0,0,0,0,0,0,0,1,0,0,0,0,0,1,0,0,0,0,0,0,0,0,1,0,0,0,1
41,4,25,2,6,11.04,11.0,19,4,0,4,4,4,4,2,2,2,2,2,2,3,0,0,1,0,0,0,1,0,0,0,1,0,0,1,0,0,0,0,0,0,0,0,1,0,0,0,0,0,0,0,1,0,1,0
61,0,34,0,6,3.0,2.06,69,2,4,4,4,3,3,2,3,3,2,2,2,4,0,0,1,0,0,0,1,0,0,0,1,0,0,0,1,0,0,0,0,0,0,0,1,0,0,0,0,0,0,0,1,1,0,0
23,4,23,2,6,15.07,15.03,23,4,0,4,4,3,3,2,2,2,2,2,2,3,0,0,1,0,0,0,1,0,0,0,0,0,0,0,1,0,0,0,0,0,0,0,1,0,0,0,1,0,0,0,0,0,1,0
27,2,27,2,6,13.02,12.08,25,4,0,3,4,2,3,2,3,3,2,2,2,4,0,0,1,0,0,0,1,0,0,0,0,0,1,0,0,0,0,0,0,0,0,0,0,0,1,0,1,0,0,0,0,0,1,0
38,5,12,0,6,3.04,3.01,57,1,4,4,2,3,3,2,2,2,1,3,1,1,0,0,1,0,0,0,1,0,0,0,0,0,1,0,0,0,0,0,0,0,0,0,0,0,1,0,1,0,0,0,0,1,0,0
24,4,24,2,7,6.08,6.05,43,3,0,3,4,3,3,2,4,4,2,3,2,2,0,0,1,0,0,0,1,0,0,0,0,0,0,0,1,0,0,0,0,0,0,0,0,0,1,0,1,0,0,0,0,0,0,1
33,2,32,0,5,4.08,4.05,38,2,3,4,3,4,4,3,3,3,4,2,4,4,0,0,1,0,0,0,1,0,0,0,0,0,1,0,0,0,0,0,0,0,0,0,1,0,0,0,1,0,0,0,0,0,0,1
27,5,27,0,6,2.09,2.06,61,1,4,4,3,3,4,3,3,3,3,2,3,3,0,0,1,0,0,0,1,0,0,0,0,0,0,0,0,0,0,1,0,0,0,0,1,0,0,0,0,0,1,0,0,1,0,0
54,2,24,0,5,3.05,3.02,58,0,3,4,3,3,4,3,3,3,2,2,2,2,0,0,1,0,0,0,1,0,0,0,0,0,0,0,0,0,0,1,0,0,0,0,1,0,0,0,0,0,1,0,0,1,0,0
30,2,30,1,5,5.07,5.04,34,1,4,2,3,2,2,3,3,3,1,2,1,1,0,0,1,0,0,0,1,0,0,0,0,0,0,0,1,0,0,0,0,0,0,0,0,0,1,0,0,0,0,1,0,0,0,1
61,4,31,2,6,11.03,11.0,26,4,0,3,3,3,3,3,3,3,2,3,2,2,0,0,1,0,0,0,1,0,0,0,0,0,0,0,0,0,0,0,1,0,1,0,0,0,0,0,0,0,0,1,0,0,1,0
24,4,24,0,6,2.07,2.03,57,1,4,2,4,2,2,4,4,4,3,2,3,3,0,0,1,0,0,0,1,0,0,0,1,0,0,0,1,0,0,0,0,0,0,0,1,0,0,0,1,0,0,0,0,1,0,0
33,4,33,2,7,10.01,9.07,24,4,0,4,4,2,4,4,4,4,2,2,2,2,0,0,1,0,0,0,1,0,0,0,1,0,0,0,1,0,0,0,0,0,0,0,1,0,0,0,0,0,1,0,0,0,1,0
31,3,31,2,6,12.05,12.01,27,3,1,3,4,3,3,4,4,4,3,2,3,3,0,0,1,0,0,0,1,0,0,0,0,0,0,0,1,0,0,0,0,0,0,0,0,0,1,0,0,0,0,1,0,0,1,0
25,3,25,0,6,3.02,2.08,67,2,1,4,2,3,4,2,2,2,2,2,2,2,0,0,1,0,0,0,1,0,0,0,1,0,0,0,1,0,0,0,0,0,0,0,0,0,1,0,0,0,0,1,0,1,0,0
34,4,24,1,7,6.02,5.08,36,2,1,3,3,2,3,3,3,3,2,3,2,2,0,0,1,0,0,0,1,0,0,0,0,0,0,0,1,0,0,0,0,0,0,0,1,0,0,0,0,0,0,1,0,0,0,1
28,5,22,2,8,6.04,6.0,42,4,0,4,2,4,4,2,2,2,2,2,2,2,0,0,1,0,0,0,1,0,0,0,1,0,0,0,1,0,0,0,0,0,0,0,1,0,0,1,0,0,0,0,0,0,0,1
35,4,15,0,7,3.07,3.03,73,2,3,3,4,3,3,4,4,4,4,2,4,4,0,0,1,0,0,0,1,0,0,0,1,0,0,0,1,0,0,0,0,0,0,0,1,0,0,1,0,0,0,0,0,1,0,0
63,4,32,1,7,5.09,5.05,41,4,3,4,3,4,4,3,3,3,4,2,4,4,0,0,1,0,0,0,1,0,0,0,1,0,0,0,1,0,0,0,0,0,0,0,1,0,0,1,0,0,0,0,0,0,0,1
41,4,21,1,7,6.07,6.03,33,4,3,3,4,3,3,4,4,4,4,2,4,4,0,0,1,0,0,0,1,0,0,0,0,0,0,0,0,0,0,0,1,0,0,0,1,0,0,1,0,0,0,0,0,0,0,1
30,4,30,2,7,10.09,10.05,19,3,2,4,3,4,4,3,3,3,3,2,3,3,0,0,1,0,0,0,1,0,0,0,0,0,0,0,1,0,0,0,0,0,0,0,1,0,0,0,1,0,0,0,0,0,1,0
27,2,27,0,5,3.09,3.05,69,1,3,4,4,4,3,4,4,4,2,2,2,2,0,0,1,0,0,0,1,0,0,0,0,0,1,0,0,0,0,0,0,0,1,0,0,0,0,0,1,0,0,0,0,1,0,0
32,3,22,2,6,9.08,9.04,23,1,1,4,3,4,4,3,3,3,1,2,1,1,0,0,1,0,0,0,1,0,0,0,0,0,1,0,0,0,0,0,0,0,1,0,0,0,0,0,1,0,0,0,0,0,1,0
29,4,29,2,6,9.06,9.02,25,3,0,2,4,2,3,4,4,4,2,2,2,2,0,0,1,0,0,0,1,0,0,0,0,0,0,0,1,0,0,0,0,0,0,0,1,0,0,0,1,0,0,0,0,0,1,0
31,4,31,0,6,3.06,3.02,58,1,4,3,3,3,4,3,3,3,2,2,2,2,0,0,1,0,0,0,1,0,0,0,1,0,0,0,1,0,0,0,0,0,0,0,1,0,0,0,1,0,0,0,0,1,0,0
27,4,27,1,6,5.07,5.03,44,1,1,2,4,2,4,4,4,4,1,2,1,1,0,0,1,0,0,0,1,0,0,0,0,0,0,0,0,0,0,0,1,0,0,0,1,0,0,0,0,0,0,1,0,0,0,1
37,4,37,1,6,6.04,6.0,35,2,2,3,3,3,2,3,3,3,2,2,2,2,0,0,1,0,0,0,1,0,0,0,0,0,0,0,1,0,0,0,0,0,0,0,1,0,0,0,0,0,0,1,0,0,0,1
36,2,16,0,5,3.04,3.0,59,1,4,4,4,4,3,4,4,4,1,2,1,1,0,0,1,0,0,0,1,0,0,0,1,0,0,0,1,0,0,0,0,0,0,0,1,0,0,0,0,0,0,1,0,1,0,0
38,3,18,0,6,2.09,2.05,65,4,4,4,3,4,2,3,3,3,4,2,4,4,0,0,1,0,0,0,1,0,0,0,1,0,0,0,1,0,0,0,0,0,0,0,1,0,0,0,0,0,0,1,0,1,0,0
63,2,23,1,5,5.06,5.02,41,1,4,4,4,4,3,4,4,4,1,2,1,1,0,0,1,0,0,0,1,0,0,0,0,0,0,1,0,0,0,0,0,0,0,0,0,0,1,1,0,0,0,0,0,0,0,1
40,2,20,2,5,11.02,10.08,26,3,2,3,4,3,2,4,4,4,2,2,2,2,0,0,1,0,0,0,1,0,0,0,1,0,0,0,0,0,0,1,0,0,0,0,0,0,1,1,0,0,0,0,0,0,1,0
30,4,30,0,6,3.07,3.03,76,2,3,4,3,4,1,3,3,3,2,2,2,2,0,0,1,0,0,0,1,0,0,0,1,0,0,0,1,0,0,0,0,0,0,0,1,0,0,1,0,0,0,0,0,1,0,0
33,5,33,2,6,10.06,10.02,22,4,1,4,4,4,2,4,4,4,2,2,2,2,0,0,1,0,0,0,1,0,0,0,1,0,0,0,1,0,0,0,0,0,0,0,1,0,0,1,0,0,0,0,0,0,1,0
29,4,29,2,7,11.02,11.01,18,3,1,4,3,4,3,3,3,3,3,3,3,3,0,0,1,0,0,0,1,0,0,0,0,0,0,0,1,0,0,0,0,0,0,0,1,0,0,1,0,0,0,0,0,0,1,0
27,5,27,0,6,3.08,3.07,57,1,1,4,4,4,4,4,4,4,1,4,1,1,0,0,1,0,0,0,1,0,0,0,0,0,0,0,1,0,0,0,0,0,0,0,1,0,0,1,0,0,0,0,0,1,0,0
31,3,31,1,6,6.02,6.01,43,3,2,3,2,3,2,2,2,2,3,2,3,3,0,0,1,0,0,0,1,0,0,0,0,0,0,0,1,0,0,0,0,0,0,0,1,0,0,0,1,0,0,0,0,0,0,1
24,4,24,1,7,5.08,5.07,38,2,2,2,3,2,3,3,3,3,2,3,2,2,0,0,1,0,0,0,1,0,0,0,0,0,0,0,0,0,0,0,1,0,0,0,1,0,0,0,1,0,0,0,0,0,0,1
40,5,40,0,8,3.01,3.0,61,2,2,4,3,4,2,3,3,3,2,2,2,2,0,0,1,0,0,0,1,0,0,0,0,0,0,0,1,0,0,0,0,0,1,0,0,0,0,0,1,0,0,0,0,1,0,0
65,4,25,1,7,3.04,3.03,58,4,2,4,3,4,3,3,3,3,4,2,4,4,0,0,1,0,0,0,1,0,0,0,0,0,0,0,0,0,0,1,0,0,1,0,0,0,0,0,1,0,0,0,0,0,0,1
31,4,21,1,7,5.06,5.05,34,2,2,4,4,4,2,4,4,4,2,2,2,2,0,0,1,0,0,0,1,0,0,0,0,0,0,0,1,0,0,0,0,0,0,0,0,0,1,0,1,0,0,0,0,0,0,1
25,4,25,2,7,12.01,12.0,26,2,2,4,4,4,4,4,4,4,2,2,2,2,0,0,1,0,0,0,1,0,0,0,0,0,0,0,0,0,0,1,0,0,0,0,0,0,1,0,1,0,0,0,0,0,1,0
41,4,21,0,7,2.09,2.08,57,2,3,3,4,3,3,4,4,4,3,2,3,3,0,0,1,0,0,0,1,0,0,0,1,0,0,0,1,0,0,0,0,0,0,0,1,0,0,0,1,0,0,0,0,1,0,0
65,2,27,2,5,10.03,10.02,24,4,2,3,2,3,3,2,2,2,2,2,2,2,0,0,1,0,0,0,1,0,0,0,0,0,0,0,1,0,0,0,0,0,0,0,1,0,0,1,0,0,0,0,0,0,1,0
38,3,18,2,6,14.02,14.01,27,4,2,3,4,3,3,3,3,3,4,2,4,4,0,0,1,0,0,0,1,0,0,0,0,0,0,0,1,0,0,0,0,0,0,0,1,0,0,1,0,0,0,0,0,0,1,0
47,3,27,0,6,3.04,3.03,67,1,2,3,4,3,3,2,2,2,3,2,3,3,0,0,1,0,0,0,1,0,0,0,1,0,0,0,1,0,0,0,0,0,0,0,1,0,0,1,0,0,0,0,0,1,0,0
28,4,28,1,6,6.07,6.06,36,2,2,3,4,3,3,3,3,3,2,2,2,2,0,0,1,0,0,0,1,0,0,0,0,0,0,0,1,0,0,0,0,0,0,0,1,0,0,1,0,0,0,0,0,0,0,1
48,5,38,1,6,5.08,5.07,42,2,2,4,4,4,4,2,2,2,2,2,2,2,0,0,1,0,0,0,1,0,0,0,1,0,0,0,0,0,0,0,1,0,0,0,1,0,0,1,0,0,0,0,0,0,0,1
27,4,27,0,6,2.03,2.02,73,2,2,4,4,4,4,1,1,1,2,2,2,2,0,0,1,0,0,0,1,0,0,0,1,0,0,0,1,0,0,0,0,0,0,0,1,0,0,1,0,0,0,0,0,1,0,0
39,4,39,0,7,4.09,4.08,41,2,2,4,2,4,4,2,2,2,2,2,2,2,0,0,1,0,0,0,1,0,0,0,1,0,0,0,1,0,0,0,0,0,0,0,1,0,0,0,0,1,0,0,0,1,0,0
53,3,21,1,6,5.09,5.08,33,1,1,2,3,2,2,3,3,3,1,2,1,1,0,0,1,0,0,0,1,0,0,0,0,0,0,1,0,0,0,0,0,0,0,0,1,0,0,0,0,1,0,0,0,0,0,1
57,3,24,2,6,11.04,11.03,19,3,2,3,4,3,3,4,4,4,2,2,2,2,0,0,1,0,0,0,1,0,0,0,0,0,0,0,1,0,0,0,0,0,0,0,1,0,0,0,0,1,0,0,0,0,1,0
46,3,46,0,6,3.0,2.09,69,1,1,2,4,2,2,2,2,2,1,2,1,1,0,0,1,0,0,0,1,0,0,0,0,0,0,0,1,0,0,0,0,0,0,0,1,0,0,0,0,1,0,0,0,1,0,0
53,5,27,2,6,15.07,15.06,23,4,2,3,4,3,3,3,3,3,2,3,2,2,0,0,1,0,0,0,1,0,0,0,0,0,0,0,1,0,0,0,0,0,0,0,1,0,0,0,0,1,0,0,0,0,1,0
58,2,29,2,5,13.02,13.01,25,2,2,2,4,2,2,2,2,2,2,2,2,2,0,0,1,0,0,0,1,0,0,0,0,0,0,0,1,0,0,0,0,0,0,0,1,0,0,0,0,1,0,0,0,0,1,0
23,5,23,0,6,3.04,3.01,57,2,2,1,4,1,1,3,3,3,2,1,2,2,0,0,1,0,0,0,1,0,0,0,1,0,0,0,0,1,0,0,0,0,0,0,1,0,0,0,0,0,0,1,0,1,0,0
46,2,46,1,5,6.08,6.05,43,3,2,2,4,2,2,2,2,2,3,2,3,3,0,0,1,0,0,0,1,0,0,0,1,0,0,0,0,0,0,1,0,0,0,0,0,0,1,0,0,0,0,1,0,0,0,1
34,2,34,1,5,4.08,4.05,38,1,1,3,4,3,3,4,4,4,1,3,1,1,0,0,1,0,0,0,1,0,0,0,0,0,0,0,0,0,0,1,0,0,0,0,0,0,1,0,0,0,0,1,0,0,0,1
30,4,30,0,6,2.09,2.06,61,2,2,4,3,4,4,3,3,3,3,4,3,3,0,0,1,0,0,0,1,0,0,0,0,0,0,0,0,0,0,0,1,0,0,0,0,0,1,0,0,0,0,1,0,1,0,0
26,4,26,1,6,3.05,3.02,58,2,2,2,3,2,2,3,3,3,2,2,2,2,0,0,1,0,0,0,1,0,0,0,0,0,0,0,1,0,0,0,0,0,0,0,1,0,0,0,1,0,0,0,0,0,0,1
43,4,43,1,7,5.07,5.04,34,2,2,3,3,3,3,3,3,3,2,3,2,2,0,0,1,0,0,0,1,0,0,0,0,0,0,0,1,0,0,0,0,0,0,0,1,0,0,0,1,0,0,0,0,0,0,1
55,4,31,2,6,11.03,11.0,26,4,2,2,3,2,2,3,3,3,4,2,4,4,0,0,1,0,0,0,1,0,0,0,1,0,0,0,1,0,0,0,0,0,0,0,0,0,1,1,0,0,0,0,0,0,1,0
37,5,27,0,6,2.07,2.04,57,2,2,3,3,3,3,3,3,3,2,3,2,2,0,0,1,0,0,0,1,0,0,0,1,0,0,0,0,1,0,0,0,0,0,0,1,0,0,1,0,0,0,0,0,1,0,0
30,4,30,2,7,10.01,9.08,24,2,2,2,4,2,2,4,4,4,2,2,2,2,0,0,1,0,0,0,1,0,0,0,1,0,0,0,1,0,0,0,0,0,0,0,1,0,0,1,0,0,0,0,0,0,1,0
35,5,23,2,8,12.05,12.02,27,3,2,4,4,4,4,4,4,4,3,2,3,3,0,0,1,0,0,0,1,0,0,0,0,0,0,0,1,0,0,0,0,0,1,0,0,0,0,0,0,0,0,1,0,0,1,0
29,4,19,1,7,3.02,2.09,67,2,2,3,4,3,3,4,4,4,2,2,2,2,0,0,1,0,0,0,1,0,0,0,0,0,0,0,1,0,0,0,0,0,0,0,1,0,0,0,0,0,0,1,0,0,0,1
41,4,21,1,7,6.02,5.09,36,4,2,3,2,3,3,2,2,2,4,2,4,4,0,0,1,0,0,0,1,0,0,0,0,0,0,0,0,0,0,0,1,0,0,0,1,0,0,0,0,0,0,1,0,0,0,1
31,4,31,1,7,6.04,6.0,42,1,1,3,3,3,3,3,3,3,1,2,1,1,0,0,1,0,0,0,1,0,0,0,0,0,0,0,0,0,0,0,1,0,0,0,0,0,1,0,0,0,0,1,0,0,0,1
36,4,36,0,7,3.07,3.03,73,1,2,3,2,3,3,2,2,2,2,2,2,2,0,0,1,0,0,0,1,0,0,0,0,0,0,0,0,0,1,0,0,0,0,0,1,0,0,0,0,0,0,1,0,1,0,0
52,2,26,0,5,5.09,5.05,41,1,2,4,4,4,4,4,4,4,2,2,2,2,0,0,1,0,0,0,1,0,0,0,0,0,0,0,0,0,0,1,0,0,0,0,0,0,1,0,0,0,0,1,0,1,0,0
64,0,27,1,6,6.07,6.03,33,2,2,4,3,4,4,3,3,3,2,4,2,2,0,0,1,0,0,0,1,0,0,0,0,0,0,0,1,0,0,0,0,0,0,0,0,0,1,0,0,0,0,1,0,0,0,1
35,1,35,2,6,10.09,10.05,19,3,3,2,4,2,2,4,4,4,3,2,3,3,0,0,1,0,0,0,1,0,0,0,0,0,0,0,1,0,0,0,0,0,0,0,1,0,0,0,0,0,0,0,1,0,1,0
62,5,25,0,6,3.09,3.05,69,1,1,4,3,4,3,3,3,3,1,3,1,1,0,0,1,0,0,0,1,0,0,0,1,0,0,0,1,0,0,0,0,0,0,0,1,0,0,0,0,0,0,0,1,1,0,0
36,4,36,0,6,9.08,9.04,23,2,2,4,4,4,2,4,4,4,3,2,3,3,0,0,1,0,0,0,1,0,0,0,0,0,0,0,1,0,0,0,0,0,0,0,0,0,1,0,1,0,0,0,0,1,0,0
52,1,22,1,6,9.06,9.02,25,2,2,2,3,2,3,3,3,3,2,3,2,2,0,0,1,0,0,0,1,0,0,0,1,0,0,0,1,0,0,0,0,0,0,0,1,0,0,0,1,0,0,0,0,0,0,1
55,4,25,1,7,3.06,3.03,58,2,2,3,2,3,2,2,2,2,2,2,2,2,0,0,1,0,0,0,1,0,0,0,1,0,0,0,0,0,0,0,1,0,0,0,1,0,0,0,1,0,0,0,0,0,0,1
34,4,34,2,6,5.07,5.04,44,4,2,2,3,2,1,3,3,3,4,1,4,4,0,0,1,0,0,0,1,0,0,0,0,0,0,0,1,0,0,0,0,0,0,0,1,0,0,0,1,0,0,0,0,0,1,0
30,2,30,0,5,6.04,6.01,35,2,2,3,3,3,2,2,2,3,2,2,2,2,0,0,1,0,0,0,1,0,0,0,0,0,0,0,1,0,0,0,0,0,0,0,1,0,0,0,1,0,0,0,0,1,0,0
61,0,31,0,6,3.04,3.01,59,2,2,4,3,4,3,2,2,3,2,3,2,2,0,0,1,0,0,0,1,0,0,0,1,0,0,0,0,0,0,1,0,0,0,0,1,0,0,0,0,0,1,0,0,1,0,0
23,2,23,1,5,2.09,2.06,65,3,2,4,4,4,4,2,2,4,3,4,3,3,0,0,1,0,0,0,1,0,0,0,1,0,0,0,0,0,1,0,0,0,0,0,1,0,0,0,0,0,1,0,0,0,0,1
39,2,39,1,5,5.06,5.03,41,2,2,4,4,4,2,2,2,4,2,2,2,2,0,0,1,0,0,0,1,0,0,0,0,0,0,0,0,0,1,0,0,0,0,0,1,0,0,0,0,0,0,1,0,0,0,1
31,3,31,2,6,11.02,10.09,26,4,0,3,4,3,3,2,2,4,4,3,4,4,0,0,1,0,0,0,1,0,0,0,1,0,0,0,0,0,0,0,1,0,0,0,1,0,0,0,0,0,0,1,0,0,1,0
28,3,28,2,6,3.07,3.03,76,3,0,4,2,4,2,2,2,2,3,2,3,3,0,0,1,0,0,0,1,0,0,0,1,0,0,0,0,0,0,0,1,0,0,0,1,0,0,0,1,0,0,0,0,0,1,0
45,4,45,2,7,10.06,10.02,22,2,0,4,3,4,3,3,3,3,2,2,2,2,0,0,1,0,0,0,1,0,0,0,1,0,0,0,0,0,0,1,0,0,1,0,0,0,0,0,0,0,1,0,0,0,1,0
64,5,24,1,6,11.02,10.08,18,2,2,4,2,4,2,2,2,2,2,2,2,2,0,0,1,0,0,0,1,0,0,0,0,0,0,0,0,0,0,1,0,0,0,0,1,0,0,0,0,0,0,1,0,0,0,1
31,4,31,0,6,3.08,3.04,57,1,3,4,3,4,4,3,3,3,1,2,1,1,0,0,1,0,0,0,1,0,0,0,0,0,0,0,1,0,0,0,0,0,0,0,1,0,0,0,0,0,0,1,0,1,0,0
29,4,29,1,7,6.02,5.08,43,2,2,3,2,3,3,2,2,2,2,2,2,2,0,0,1,0,0,0,1,0,0,0,0,0,0,0,1,0,0,0,0,0,0,0,1,0,0,0,0,0,0,1,0,0,0,1
46,5,46,1,8,5.08,5.04,38,2,2,2,1,2,3,2,2,1,2,2,2,2,0,0,1,0,0,0,1,0,0,0,0,0,0,0,1,0,0,0,0,0,0,0,1,0,0,1,0,0,0,0,0,0,0,1
64,4,23,0,7,3.01,2.07,61,1,4,4,2,4,3,2,2,2,2,2,2,2,0,0,1,0,0,0,1,0,0,0,0,0,0,0,0,0,0,1,0,0,0,0,1,0,0,1,0,0,0,0,0,1,0,0
54,4,10,0,7,3.04,3.0,58,3,4,3,3,3,3,2,2,3,3,2,3,3,0,0,1,0,0,0,1,0,0,0,0,0,0,0,1,0,0,0,0,0,0,0,0,0,1,1,0,0,0,0,0,1,0,0
47,4,47,1,7,5.06,5.02,34,1,4,4,4,4,4,4,4,4,1,2,1,1,0,0,1,0,0,0,1,0,0,0,0,0,0,0,0,0,1,0,0,0,0,0,1,0,0,1,0,0,0,0,0,0,0,1
28,4,28,2,7,12.01,11.07,26,3,1,4,2,4,4,2,2,2,3,2,3,3,0,0,1,0,0,0,1,0,0,0,0,0,0,0,1,0,0,0,0,0,0,0,1,0,0,0,1,0,0,0,0,0,1,0
48,2,28,0,5,2.09,2.05,57,1,4,2,3,2,2,3,3,3,2,2,2,2,0,0,1,0,0,0,1,0,0,0,1,0,0,0,1,0,0,0,0,0,0,0,1,0,0,0,1,0,0,0,0,1,0,0
25,3,25,2,6,10.03,9.09,24,2,1,3,2,3,3,2,2,2,2,2,2,2,0,0,1,0,0,0,1,0,0,0,1,0,0,0,1,0,0,0,0,0,0,0,1,0,0,0,1,0,0,0,0,0,1,0
39,3,39,2,6,14.02,13.08,27,4,0,2,3,2,2,3,3,3,4,2,4,4,0,0,1,0,0,0,1,0,0,0,1,0,1,0,0,0,0,0,0,0,1,0,0,0,0,0,1,0,0,0,0,0,1,0
53,3,21,0,6,3.04,3.0,67,2,3,3,2,3,3,2,2,2,2,2,2,2,0,0,1,0,0,0,1,0,0,0,1,0,0,0,1,0,0,0,0,0,0,0,0,0,1,0,1,0,0,0,0,1,0,0
57,3,12,1,6,6.07,6.03,36,2,3,2,4,2,2,4,4,4,2,2,2,2,0,0,1,0,0,0,1,0,0,0,0,0,0,0,1,0,0,0,0,0,0,0,0,0,1,0,0,0,0,1,0,0,0,1
46,3,34,1,6,5.08,5.04,42,3,3,1,3,1,1,3,3,3,3,2,3,3,0,0,1,0,0,0,1,0,0,0,1,0,0,0,1,0,0,0,0,0,0,0,1,0,0,0,0,0,0,1,0,0,0,1
53,4,37,0,7,2.03,1.09,73,2,4,2,3,2,2,3,3,3,2,2,2,2,0,0,1,0,0,0,1,0,0,0,1,0,0,0,1,0,0,0,0,0,0,0,1,0,0,0,0,0,0,1,0,1,0,0
58,3,21,1,6,4.09,4.05,41,4,4,3,3,3,3,3,3,3,4,2,4,4,0,0,1,0,0,0,1,0,0,0,1,0,0,0,1,0,0,0,0,0,0,0,1,0,0,0,0,0,0,1,0,0,0,1
62,5,15,1,6,5.09,5.05,33,3,3,4,3,4,4,2,2,3,3,2,3,3,0,0,1,0,0,0,1,0,0,0,0,0,0,0,1,0,0,0,0,0,0,0,1,0,0,1,0,0,0,0,0,0,0,1
33,4,33,2,6,11.04,11.0,19,1,0,2,3,2,2,2,2,3,1,2,1,1,0,0,1,0,0,0,1,0,0,0,0,0,0,0,1,0,0,0,0,0,0,0,0,0,1,1,0,0,0,0,0,0,1,0
37,3,37,0,6,3.0,2.06,69,2,2,3,4,3,3,2,2,4,2,2,2,2,0,0,1,0,0,0,1,0,0,0,0,0,0,0,1,0,0,0,0,0,0,0,0,0,1,1,0,0,0,0,0,1,0,0
32,3,32,2,6,15.07,15.03,23,2,0,2,4,2,2,2,2,4,2,2,2,2,0,0,1,0,0,0,1,0,0,0,0,0,0,0,1,0,0,0,0,0,0,0,0,0,1,1,0,0,0,0,0,0,1,0
35,2,35,2,5,13.02,13.01,25,2,1,3,4,3,3,2,2,4,2,2,2,2,0,0,1,0,0,0,1,0,0,0,0,0,0,0,1,0,0,0,0,0,0,0,0,0,1,1,0,0,0,0,0,0,1,0
31,3,31,0,6,3.04,3.03,57,2,3,2,2,2,2,2,2,2,3,2,3,3,0,0,1,0,0,0,1,0,0,0,1,0,0,0,0,0,0,1,0,0,1,0,0,0,0,1,0,0,0,0,0,1,0,0
27,2,23,1,5,6.08,6.07,43,1,3,4,3,4,4,2,2,3,1,2,1,1,0,0,1,0,0,0,1,0,0,0,1,0,0,0,0,0,1,0,0,0,0,0,1,0,0,0,1,0,0,0,0,0,0,1
49,2,21,1,5,4.08,4.07,38,3,3,3,2,3,3,2,2,2,3,2,3,3,0,0,1,0,0,0,1,0,0,0,0,0,0,0,0,0,1,0,0,0,0,0,1,0,0,0,1,0,0,0,0,0,0,1
55,3,12,0,6,2.09,2.08,61,2,4,3,4,3,3,2,2,4,2,2,2,2,0,0,1,0,0,0,1,0,0,0,0,0,0,0,0,0,0,0,1,0,0,0,1,0,0,0,1,0,0,0,0,1,0,0
54,3,15,0,6,3.05,3.04,58,2,4,4,3,4,3,2,2,3,2,2,2,2,0,0,1,0,0,0,1,0,0,0,0,0,0,0,1,0,0,0,0,0,0,0,1,0,0,0,1,0,0,0,0,1,0,0
47,4,21,1,7,5.07,5.06,34,4,4,4,4,4,3,2,2,4,4,2,4,4,0,0,1,0,0,0,1,0,0,0,0,0,0,0,1,0,0,0,0,0,0,0,1,0,0,0,1,0,0,0,0,0,0,1
28,3,28,2,6,11.03,11.02,26,2,1,4,3,4,4,2,2,3,2,2,2,2,0,0,1,0,0,0,1,0,0,0,1,0,0,0,1,0,0,0,0,0,0,0,1,0,0,0,1,0,0,0,0,0,1,0
48,3,48,0,6,2.07,2.06,57,2,1,3,4,3,4,4,4,4,2,2,2,2,0,0,1,0,0,0,1,0,0,0,0,0,0,0,0,1,0,0,0,0,1,0,0,0,0,0,1,0,0,0,0,1,0,0
26,4,26,2,7,10.01,10.0,24,3,0,4,3,4,2,3,3,3,3,2,3,3,0,0,1,0,0,0,1,0,0,0,1,0,0,0,1,0,0,0,0,0,1,0,0,0,0,1,0,0,0,0,0,0,1,0
39,5,39,2,8,12.05,12.04,27,3,1,3,4,3,3,2,2,4,2,2,2,2,0,0,1,0,0,0,1,0,0,0,0,0,0,0,1,0,0,0,0,0,0,0,0,0,1,1,0,0,0,0,0,0,1,0
53,4,25,0,7,3.02,3.01,67,2,4,4,3,4,2,2,2,3,4,2,4,4,0,0,1,0,0,0,1,0,0,0,0,0,0,0,1,0,0,0,0,0,0,0,1,0,0,1,0,0,0,0,0,1,0,0
57,4,32,1,7,6.02,6.01,36,3,3,4,4,4,3,2,2,4,3,2,3,3,0,0,1,0,0,0,1,0,0,0,1,0,0,0,0,0,0,0,1,0,0,0,1,0,0,1,0,0,0,0,0,0,0,1
46,4,36,1,7,6.04,6.03,42,2,2,4,3,4,2,2,2,3,2,2,2,2,0,0,1,0,0,0,1,0,0,0,0,0,0,0,0,0,0,0,1,0,0,0,1,0,0,1,0,0,0,0,0,0,0,1
53,4,32,0,7,3.07,3.06,73,2,3,3,4,3,1,4,4,4,2,1,2,2,0,0,1,0,0,0,1,0,0,0,1,0,0,0,0,0,1,0,0,0,0,0,1,0,0,1,0,0,0,0,0,1,0,0
58,2,21,1,5,5.09,5.08,41,2,2,4,3,4,2,3,3,3,2,2,2,2,0,0,1,0,0,0,1,0,0,0,0,0,0,0,0,0,1,0,0,0,0,0,1,0,0,0,0,1,0,0,0,0,0,1
62,3,22,1,6,6.07,6.06,33,2,2,4,4,4,3,4,4,4,2,2,2,2,0,0,1,0,0,0,1,0,0,0,0,0,0,0,1,0,0,0,0,0,0,0,1,0,0,0,0,1,0,0,0,0,0,1
49,5,29,2,6,10.09,10.08,19,3,1,4,4,4,4,2,2,4,1,2,1,1,0,0,1,0,0,0,1,0,0,0,0,0,0,0,1,0,0,0,0,0,0,0,0,0,1,0,0,1,0,0,0,0,1,0
38,4,28,0,6,3.09,3.08,69,2,3,4,3,4,2,2,2,3,2,2,2,2,0,0,1,0,0,0,1,0,0,0,1,0,0,0,1,0,0,0,0,0,0,0,0,0,1,0,0,1,0,0,0,1,0,0
25,4,25,2,6,9.08,9.07,23,4,4,4,4,4,3,2,2,4,4,2,4,4,0,0,1,0,0,0,1,0,0,0,0,0,0,0,1,0,0,0,0,0,0,0,0,0,1,0,0,1,0,0,0,0,1,0
33,5,33,2,6,9.06,9.05,25,3,3,4,3,4,2,2,2,3,3,2,3,3,0,0,1,0,0,0,1,0,0,0,0,0,0,0,1,0,0,0,0,0,0,0,1,0,0,0,0,1,0,0,0,0,1,0
62,4,24,0,7,3.06,3.03,58,2,2,4,4,4,3,2,2,4,2,2,2,2,0,0,1,0,0,0,1,0,0,0,0,0,0,0,0,0,0,0,1,0,0,0,1,0,0,0,0,0,0,1,0,1,0,0
25,5,25,1,6,5.07,5.04,44,1,1,4,2,4,2,2,2,2,1,2,1,1,0,0,1,0,0,0,1,0,0,0,1,0,0,0,1,0,0,0,0,0,0,0,1,0,0,0,0,0,0,1,0,0,0,1
61,5,26,1,6,6.04,6.01,35,2,2,4,3,4,4,2,2,3,2,2,2,2,0,0,1,0,0,0,1,0,0,0,1,0,0,0,1,0,0,0,0,0,0,0,1,0,0,0,0,0,0,1,0,0,0,1
32,4,32,0,6,3.04,3.01,59,3,3,3,3,3,3,2,2,3,3,3,3,3,0,0,1,0,0,0,1,0,0,0,1,0,0,0,0,0,1,0,0,0,0,0,1,0,0,0,0,0,0,1,0,1,0,0
42,4,42,0,6,2.09,2.06,65,1,1,3,3,3,3,2,2,3,1,3,1,1,0,0,1,0,0,0,1,0,0,0,1,0,0,0,0,0,1,0,0,0,0,0,1,0,0,0,1,0,0,0,0,1,0,0
25,2,25,1,5,5.06,5.03,41,2,2,3,4,3,3,4,4,4,2,3,2,2,0,0,1,0,0,0,1,0,0,0,1,0,0,0,0,0,0,1,0,0,0,0,0,0,1,0,1,0,0,0,0,0,0,1
36,3,36,2,6,11.02,10.09,26,3,2,4,4,4,3,4,4,4,2,3,2,2,0,0,1,0,0,0,1,0,0,0,0,0,0,0,1,0,0,0,0,0,0,0,1,0,0,1,0,0,0,0,0,0,1,0
50,2,50,0,5,3.07,3.04,76,2,2,4,4,4,3,4,4,4,2,3,2,2,0,0,1,0,0,0,1,0,0,0,1,0,0,0,0,0,0,0,1,0,0,0,1,0,0,1,0,0,0,0,0,1,0,0
55,2,13,2,5,10.06,10.03,22,3,3,4,2,4,4,2,2,2,3,4,3,3,0,0,1,0,0,0,1,0,0,0,1,0,0,0,0,0,0,1,0,0,0,0,1,0,0,1,0,0,0,0,0,0,1,0
54,3,19,2,6,11.02,10.09,18,1,1,4,4,4,4,3,3,3,1,4,1,1,0,0,1,0,0,0,1,0,0,0,1,0,0,0,0,0,0,1,0,0,0,1,0,0,0,0,0,0,0,1,0,0,1,0
62,3,12,0,6,3.08,3.05,57,2,3,4,4,4,4,2,2,2,3,4,3,3,0,0,1,0,0,0,1,0,0,0,1,0,0,0,1,0,0,0,0,0,0,0,0,0,1,0,0,0,0,1,0,1,0,0
26,4,26,1,7,6.02,5.09,43,2,2,2,4,2,2,2,2,3,2,2,2,2,0,0,1,0,0,0,1,0,0,0,0,0,0,0,1,0,0,0,0,0,0,0,0,0,1,0,0,0,0,1,0,0,0,1
40,3,40,1,6,5.08,5.04,38,2,2,3,4,3,3,2,2,2,2,3,2,2,0,0,1,0,0,0,1,0,0,0,1,0,0,0,1,0,0,0,0,0,0,0,0,0,1,0,0,0,0,1,0,0,0,1
33,3,33,0,6,3.01,2.07,61,1,1,4,1,4,2,2,2,1,1,2,1,1,0,0,1,0,0,0,1,0,0,0,1,0,0,0,0,0,1,0,0,0,0,0,1,0,0,0,0,0,0,1,0,1,0,0
33,4,33,1,7,3.04,3.0,58,2,2,3,2,3,3,2,2,2,2,3,2,2,0,0,1,0,0,0,1,0,0,0,0,0,0,0,1,0,0,0,0,0,0,0,1,0,0,0,0,0,0,1,0,0,0,1
51,5,51,1,8,5.06,5.02,34,2,2,2,3,2,2,2,2,3,2,2,2,2,0,0,1,0,0,0,1,0,0,0,1,0,0,0,0,0,1,0,0,0,0,0,1,0,0,0,0,0,0,1,0,0,0,1
40,4,40,2,7,12.01,11.07,26,4,2,4,4,4,1,2,2,4,2,1,2,2,0,0,1,0,0,0,1,0,0,0,0,0,0,0,1,0,0,0,0,0,0,0,1,0,0,0,0,0,0,0,1,0,1,0
61,4,48,0,7,2.09,2.05,57,1,3,4,2,4,2,2,2,2,3,2,3,3,0,0,1,0,0,0,1,0,0,0,1,0,0,0,1,0,0,0,0,0,0,0,1,0,0,0,0,0,0,0,1,1,0,0
27,4,27,2,7,10.03,9.09,24,1,1,4,3,4,3,2,2,3,1,3,1,1,0,0,1,0,0,0,1,0,0,0,1,0,0,0,1,0,0,0,0,0,0,0,0,0,1,0,1,0,0,0,0,0,1,0
29,4,29,2,7,14.02,13.08,27,3,3,4,2,4,4,2,2,2,3,4,3,3,0,0,1,0,0,0,1,0,0,0,0,0,1,0,0,0,0,0,0,0,0,0,0,0,1,0,1,0,0,0,0,0,1,0
27,2,27,0,5,3.04,3.01,67,2,2,2,3,2,2,3,3,3,2,2,2,2,0,0,1,0,0,0,1,0,0,0,1,0,0,0,1,0,0,0,0,0,0,0,1,0,0,0,1,0,0,0,0,1,0,0
55,3,35,1,6,6.07,6.04,36,2,2,3,2,3,3,2,2,2,2,3,2,2,0,0,1,0,0,0,1,0,0,0,0,0,0,0,1,0,0,0,0,0,0,0,0,0,1,0,1,0,0,0,0,0,0,1
60,4,41,1,6,5.08,5.05,42,1,1,4,4,4,2,4,4,4,1,2,1,1,0,0,1,0,0,0,1,0,0,0,1,0,0,0,1,0,0,0,0,0,0,0,1,0,0,0,1,0,0,0,0,0,0,1
26,5,26,0,6,2.03,2.0,73,2,2,4,3,4,3,3,3,3,2,3,2,2,0,0,1,0,0,0,1,0,0,0,1,0,0,0,1,0,0,0,0,0,0,0,1,0,0,0,0,0,1,0,0,1,0,0
30,4,30,0,6,4.09,4.06,41,2,2,4,3,4,2,3,3,3,2,2,2,2,0,0,1,0,0,0,1,0,0,0,1,0,0,0,1,0,0,0,0,0,0,0,1,0,0,0,0,0,1,0,0,1,0,0
41,5,41,1,6,5.09,5.06,33,2,2,4,3,4,4,3,3,3,2,4,2,2,0,0,1,0,0,0,1,0,0,0,0,0,0,0,1,0,0,0,0,0,0,0,1,0,0,0,0,0,0,1,0,0,0,1
36,4,36,2,7,11.04,11.01,19,3,3,3,3,3,3,3,3,3,3,3,3,3,0,0,1,0,0,0,1,0,0,0,0,0,0,0,1,0,0,0,0,0,0,0,1,0,0,0,0,0,0,1,0,0,1,0
52,3,32,0,6,3.0,2.06,69,1,1,2,3,2,3,3,3,3,1,3,1,1,0,0,1,0,0,0,1,0,0,0,0,0,0,0,1,0,0,0,0,0,0,0,1,0,0,0,1,0,0,0,0,1,0,0
63,2,33,2,5,15.07,15.03,23,3,3,3,4,3,3,4,4,4,3,3,3,3,0,0,1,0,0,0,1,0,0,0,0,0,0,0,1,0,0,0,0,0,0,0,1,0,0,0,0,0,1,0,0,0,1,0
28,3,28,2,6,13.02,12.08,25,4,2,4,4,4,3,4,4,4,2,3,2,2,0,0,1,0,0,0,1,0,0,0,0,0,0,0,1,0,0,0,0,0,0,0,1,0,0,0,0,0,0,1,0,0,1,0
30,2,30,0,5,3.04,3.0,57,2,2,4,4,4,3,4,4,4,2,3,2,2,0,0,1,0,0,0,1,0,0,0,1,0,0,0,1,0,0,0,0,0,0,0,1,0,0,0,0,0,0,1,0,1,0,0
61,2,31,1,5,6.08,6.04,43,4,4,4,2,4,4,2,2,2,4,4,4,4,0,0,1,0,0,0,1,0,0,0,1,0,0,0,0,0,1,0,0,0,0,0,1,0,0,0,0,0,0,1,0,0,0,1
26,5,26,1,6,4.08,4.04,38,2,2,3,3,3,4,3,3,3,2,4,2,2,0,0,1,0,0,0,1,0,0,0,1,0,1,0,0,0,0,0,0,0,1,0,0,0,0,1,0,0,0,0,0,0,0,1
27,5,27,0,6,2.09,2.05,61,2,2,4,2,4,4,2,2,2,2,4,2,2,0,0,1,0,0,0,1,0,0,0,1,0,1,0,0,0,0,0,0,0,1,0,0,0,0,1,0,0,0,0,0,1,0,0
31,4,11,1,7,3.05,3.01,58,3,3,4,2,4,2,2,2,2,3,2,3,3,1,0,0,0,0,0,0,0,0,1,1,0,0,0,1,0,0,0,0,0,0,0,0,0,1,1,0,0,0,0,0,0,0,1
36,3,21,1,6,5.07,5.03,34,2,2,4,3,4,3,3,3,3,2,3,2,2,1,0,0,0,0,0,0,0,0,1,0,0,0,0,0,0,1,0,0,0,0,0,1,0,0,1,0,0,0,0,0,0,0,1
56,5,24,2,6,11.03,10.09,26,4,2,4,3,4,2,3,3,3,4,2,4,4,1,0,0,0,0,0,0,0,0,1,1,0,0,0,0,0,0,0,1,0,0,0,1,0,0,0,1,0,0,0,0,0,1,0
63,4,13,0,7,2.07,2.03,57,2,2,0,3,3,4,3,3,3,3,4,3,3,1,0,0,0,0,0,0,0,0,1,1,0,0,0,0,0,0,0,1,0,0,0,1,0,0,0,1,0,0,0,0,1,0,0
54,5,24,2,8,10.01,9.07,24,3,0,3,4,3,3,2,2,4,2,3,2,2,1,0,0,0,0,0,0,0,0,1,1,0,0,0,0,0,0,0,1,0,0,0,1,0,0,0,1,0,0,0,0,0,1,0
36,4,36,2,7,12.05,12.01,27,4,0,4,4,4,4,2,2,4,2,4,2,2,1,0,0,0,0,0,0,0,0,1,0,0,0,0,0,0,0,0,1,0,0,0,1,0,0,0,1,0,0,0,0,0,1,0
52,4,21,1,7,3.02,2.08,67,2,3,3,4,3,3,2,2,4,2,3,2,2,1,0,0,0,0,0,0,0,0,1,0,0,0,0,0,0,0,0,1,0,0,0,1,0,0,0,1,0,0,0,0,0,0,1
63,4,25,1,7,6.02,5.08,36,2,3,4,2,4,4,2,2,2,2,4,2,2,1,0,0,0,0,0,0,0,0,1,0,0,0,0,1,0,0,0,0,0,1,0,0,0,0,0,0,0,0,1,0,0,0,1
54,4,32,1,7,6.04,6.0,42,1,3,3,4,3,3,2,2,3,1,3,1,1,1,0,0,0,0,0,0,0,0,1,0,0,0,0,0,0,0,0,1,0,1,0,0,0,0,0,0,0,0,1,0,0,0,1
30,2,10,0,5,3.07,3.03,73,2,4,4,4,4,4,2,2,2,2,4,2,2,1,0,0,0,0,0,0,0,0,1,0,0,1,0,0,0,0,0,0,0,1,0,0,0,0,0,0,0,0,1,0,1,0,0
43,0,43,0,6,5.09,5.05,41,1,2,3,4,3,3,2,2,3,4,3,4,4,1,0,0,0,0,0,0,0,0,1,0,0,0,0,0,0,0,0,1,0,0,0,1,0,0,0,0,0,0,1,0,1,0,0
29,3,29,1,6,6.07,6.03,33,3,2,4,4,4,4,2,2,2,3,4,3,3,1,0,0,0,0,0,0,0,0,1,0,0,0,0,0,0,0,0,1,0,0,0,1,0,0,1,0,0,0,0,0,0,0,1
36,4,22,2,6,10.09,10.05,19,2,1,4,4,4,4,2,2,1,2,2,2,2,1,0,0,0,0,0,0,0,0,1,0,0,0,0,1,0,0,0,0,0,0,0,1,0,0,1,0,0,0,0,0,0,1,0
33,1,33,0,6,3.09,3.05,69,1,1,4,4,4,2,2,2,2,1,2,1,1,1,0,0,0,0,0,0,0,0,1,1,0,0,0,0,0,1,0,0,0,0,0,1,0,0,1,0,0,0,0,0,1,0,0
60,0,20,0,6,9.08,9.04,23,2,2,4,4,4,3,2,2,3,2,2,2,2,1,0,0,0,0,0,0,0,0,1,1,0,0,1,0,0,0,0,0,0,0,0,1,0,0,1,0,0,0,0,0,1,0,0
54,4,24,1,7,9.06,9.05,25,3,3,4,4,4,2,4,4,4,3,2,3,3,1,0,0,0,0,0,0,0,0,1,1,0,0,0,1,0,0,0,0,0,0,0,1,0,0,1,0,0,0,0,0,0,0,1
30,4,30,1,6,3.06,3.05,58,2,2,4,4,4,3,2,2,2,2,2,2,2,1,0,0,0,0,0,0,0,0,1,0,0,1,0,0,0,0,0,0,0,0,0,0,0,1,1,0,0,0,0,0,0,0,1
45,2,23,2,5,5.07,5.06,44,3,3,2,3,2,2,3,3,3,3,2,3,3,1,0,0,0,0,0,0,0,0,1,0,0,1,0,0,0,0,0,0,0,1,0,0,0,0,0,1,0,0,0,0,0,1,0
32,3,23,0,6,6.04,6.03,35,2,2,4,2,4,1,2,2,2,2,2,2,2,1,0,0,0,0,0,0,0,0,1,1,0,0,0,0,0,0,1,0,0,1,0,0,0,0,0,1,0,0,0,0,1,0,0
25,2,12,0,5,3.04,3.03,59,2,2,4,2,4,2,2,2,2,2,2,2,2,1,0,0,0,0,0,0,0,0,1,1,0,0,0,0,0,0,0,1,0,0,0,1,0,0,0,1,0,0,0,0,1,0,0
31,4,31,1,5,2.09,2.08,65,2,2,3,3,3,3,3,3,3,2,2,2,2,1,0,0,0,0,0,0,0,0,1,1,0,0,0,0,0,0,0,1,0,0,0,1,0,0,0,1,0,0,0,0,0,0,1
27,5,27,1,6,5.06,5.05,41,4,1,4,4,4,4,3,3,3,4,2,4,4,1,0,0,0,0,0,0,0,0,1,0,0,0,0,1,0,0,0,0,0,0,0,1,0,0,0,1,0,0,0,0,0,0,1
52,0,22,2,6,11.02,11.01,26,4,2,2,4,2,2,3,3,3,4,2,4,4,1,0,0,0,0,0,0,0,0,1,1,0,0,0,1,0,0,0,0,0,0,0,1,0,0,0,1,0,0,0,0,0,1,0
60,4,30,2,7,3.07,3.06,76,4,2,3,2,3,3,4,4,4,4,2,4,4,1,0,0,0,0,0,0,0,0,1,0,0,0,0,0,0,0,0,1,0,0,0,1,0,0,0,1,0,0,0,0,0,1,0
25,1,25,2,6,10.06,10.05,22,3,3,2,3,2,2,4,4,4,3,2,3,3,1,0,0,0,0,0,0,0,0,1,0,0,0,0,0,0,0,0,1,0,0,0,1,0,0,1,0,0,0,0,0,0,1,0
31,3,21,1,6,5.06,5.05,18,3,2,3,2,3,3,4,4,4,3,3,3,3,1,0,0,0,0,0,0,0,0,1,0,0,0,0,1,0,0,0,0,0,1,0,0,0,0,1,0,0,0,0,0,0,0,1
36,4,12,0,7,3.04,3.03,57,1,1,2,3,2,2,2,2,2,3,2,3,3,1,0,0,0,0,0,0,0,0,1,0,0,0,0,1,0,0,0,0,0,0,0,1,0,0,1,0,0,0,0,0,1,0,0
34,5,34,1,8,6.08,6.07,43,3,2,4,4,4,4,3,3,3,3,4,3,3,1,0,0,0,0,0,0,0,0,1,0,0,0,0,1,0,0,0,0,0,0,0,1,0,0,1,0,0,0,0,0,0,0,1
64,4,23,1,7,4.08,4.07,38,3,2,3,4,3,3,2,2,2,3,3,3,3,1,0,0,0,0,0,0,0,0,1,0,0,0,0,0,0,0,0,1,0,0,0,1,0,0,1,0,0,0,0,0,0,0,1
24,4,24,0,7,2.09,2.08,61,3,1,3,4,3,3,3,3,3,3,3,3,3,1,0,0,0,0,0,0,0,0,1,0,0,0,0,0,0,0,1,0,0,0,1,0,0,0,1,0,0,0,0,0,1,0,0
47,4,24,0,7,3.05,3.04,58,2,2,3,3,3,3,2,2,2,3,3,3,3,1,0,0,0,0,0,0,0,0,1,0,0,0,0,0,0,0,1,0,0,0,0,0,0,1,0,0,1,0,0,0,1,0,0
28,4,28,1,7,5.07,5.06,34,3,1,3,4,3,3,1,1,1,3,3,3,3,1,0,0,0,0,0,0,0,0,1,0,0,0,0,0,0,0,0,1,0,1,0,0,0,0,0,0,1,0,0,0,0,0,1
48,2,48,2,5,11.03,11.02,26,3,1,3,4,3,3,2,2,2,3,3,3,3,1,0,0,0,0,0,0,0,0,1,0,0,0,0,0,0,0,0,1,0,1,0,0,0,0,0,0,1,0,0,0,0,1,0
26,3,6,0,6,2.07,2.06,57,2,2,4,4,4,4,3,3,3,3,4,3,3,1,0,0,0,0,0,0,0,0,1,1,0,0,0,0,0,0,0,1,0,0,0,1,0,0,0,0,1,0,0,0,1,0,0
39,5,21,2,6,10.01,10.0,24,3,2,4,4,4,4,3,3,3,3,4,3,3,1,0,0,0,0,0,0,0,0,1,1,0,0,0,0,0,1,0,0,0,0,0,1,0,0,0,0,1,0,0,0,0,1,0
53,4,32,2,6,12.05,12.04,27,4,2,4,3,4,4,2,2,3,2,4,2,2,1,0,0,0,0,0,0,0,0,1,1,0,0,0,0,0,0,0,1,0,0,0,1,0,0,0,0,1,0,0,0,0,1,0
57,4,31,0,6,3.04,3.01,67,2,3,2,4,2,2,2,2,4,3,2,3,3,1,0,0,0,0,0,0,0,0,1,1,0,0,0,0,0,0,0,1,0,0,0,1,0,0,0,0,0,0,1,0,1,0,0
46,2,24,1,5,6.08,6.05,36,1,1,3,4,3,3,4,4,4,1,3,1,1,1,0,0,0,0,0,0,0,0,1,0,0,0,0,1,0,0,0,0,0,0,0,1,0,0,0,0,0,0,1,0,0,0,1
53,5,30,1,6,4.08,4.05,42,3,3,2,4,2,2,2,2,4,3,2,3,3,1,0,0,0,0,0,0,0,0,1,1,0,0,0,0,0,0,0,1,0,0,0,0,0,1,0,0,0,0,1,0,0,0,1
58,2,29,0,5,2.09,2.06,73,1,4,4,2,4,4,2,2,2,3,4,3,3,1,0,0,0,0,0,0,0,0,1,1,0,0,0,1,0,0,0,0,0,0,0,0,0,1,0,0,0,0,1,0,1,0,0
50,2,10,1,5,3.05,3.02,41,3,2,3,3,3,3,2,2,3,3,3,3,3,1,0,0,0,0,0,0,0,0,1,1,0,0,0,0,0,0,0,1,0,1,0,0,0,0,0,1,0,0,0,0,0,0,1
54,3,14,1,6,5.07,5.04,33,4,2,4,2,4,4,2,2,2,4,4,4,4,1,0,0,0,0,0,0,0,0,1,0,0,1,0,0,0,0,0,0,0,1,0,0,0,0,0,1,0,0,0,0,0,0,1
49,3,19,2,6,11.03,11.0,19,4,0,3,3,3,3,3,3,3,4,3,4,4,1,0,0,0,0,0,0,0,0,1,0,0,0,0,0,0,0,0,1,0,0,0,1,0,0,1,0,0,0,0,0,0,1,0
23,4,23,0,7,2.07,2.04,69,2,2,4,2,4,4,2,2,2,4,4,4,4,1,0,0,0,0,0,0,0,0,1,0,0,0,0,0,0,0,0,1,0,0,0,1,0,0,1,0,0,0,0,0,1,0,0
41,3,41,2,6,10.01,9.08,23,3,0,3,1,3,3,1,1,1,3,3,3,3,1,0,0,0,0,0,0,0,0,1,0,0,0,0,0,0,0,1,0,0,0,0,1,0,0,1,0,0,0,0,0,0,1,0
62,0,22,2,6,12.05,12.02,25,4,0,4,2,4,4,2,2,2,2,4,2,2,1,0,0,0,0,0,0,0,0,1,0,0,0,0,1,0,0,0,0,0,0,0,1,0,0,0,0,0,0,1,0,0,1,0
54,4,23,0,7,3.08,3.05,57,3,4,4,3,4,4,2,2,3,4,4,4,4,1,0,0,0,0,0,0,0,0,1,1,0,0,0,1,0,0,0,0,0,0,0,1,0,0,0,0,0,0,1,0,1,0,0
50,5,30,1,8,6.02,5.09,43,3,4,4,4,4,4,2,2,4,3,4,3,3,1,0,0,0,0,0,0,0,0,1,1,0,0,0,0,0,0,0,1,0,0,0,1,0,0,0,0,0,0,1,0,0,0,1
34,4,34,1,7,5.08,5.04,38,2,4,2,2,2,2,2,2,2,2,2,2,2,1,0,0,0,0,0,0,0,0,1,0,0,0,0,0,0,0,0,1,0,0,0,1,0,0,0,0,0,0,1,0,0,0,1
39,4,39,0,7,3.01,2.07,61,2,3,3,3,3,3,2,2,3,2,3,2,2,1,0,0,0,0,0,0,0,0,1,0,0,0,0,0,0,0,0,1,0,0,0,1,0,0,0,0,0,0,1,0,1,0,0
31,4,31,0,7,3.04,3.0,58,2,4,2,2,2,2,2,2,2,2,2,2,2,1,0,0,0,0,0,0,0,0,1,1,0,0,0,0,0,0,0,1,0,1,0,0,0,0,0,0,0,0,1,0,1,0,0
27,4,27,1,7,5.06,5.02,34,2,2,3,3,3,3,3,3,3,2,3,2,2,1,0,0,0,0,0,0,0,0,1,0,0,0,0,0,0,0,1,0,0,0,0,1,0,0,0,0,0,0,1,0,0,0,1
37,2,37,2,5,12.01,11.07,26,3,1,2,2,2,2,2,2,2,1,2,1,1,1,0,0,0,0,0,0,0,0,1,1,0,0,0,1,0,0,0,0,0,0,0,1,0,0,0,0,0,0,0,1,0,1,0
56,4,17,0,6,2.09,2.05,57,2,4,1,4,1,1,4,4,4,2,1,2,2,1,0,0,0,0,0,0,0,0,1,1,0,0,0,0,0,1,0,0,0,0,0,1,0,0,0,0,0,0,0,1,1,0,0
54,4,27,2,6,10.03,9.09,24,4,1,2,2,2,2,2,2,2,1,2,1,1,1,0,0,0,0,0,0,0,0,1,1,0,0,0,0,0,1,0,0,0,0,0,1,0,0,0,1,0,0,0,0,0,1,0
62,1,21,2,6,14.02,13.08,27,2,1,3,3,3,3,3,3,3,2,3,2,2,1,0,0,0,0,0,0,0,0,1,0,0,0,0,0,0,1,0,0,0,0,0,1,0,0,0,1,0,0,0,0,0,1,0
56,5,26,0,6,3.04,3.01,67,2,0,4,3,4,4,2,2,3,2,4,2,2,1,0,0,0,0,0,0,0,0,1,0,0,0,0,0,0,0,0,1,0,0,0,1,0,0,0,1,0,0,0,0,1,0,0
51,2,21,1,5,6.07,6.04,36,2,3,2,3,2,2,2,2,3,2,2,2,2,1,0,0,0,0,0,0,0,0,1,0,0,0,0,0,0,0,0,1,0,1,0,0,0,0,0,1,0,0,0,0,0,0,1
37,3,13,1,6,5.08,5.05,42,3,3,3,4,3,3,2,2,4,3,3,3,3,1,0,0,0,0,0,0,0,0,1,0,0,1,0,0,0,0,0,0,0,1,0,0,0,0,0,1,0,0,0,0,0,0,1
42,2,22,0,5,2.03,2.0,73,1,4,2,4,2,2,2,2,4,1,2,1,1,1,0,0,0,0,0,0,0,0,1,0,0,0,0,0,0,0,1,0,0,1,0,0,0,0,0,0,0,1,0,0,1,0,0
49,2,26,1,5,4.09,4.06,41,3,3,3,4,3,3,2,2,4,3,3,3,3,1,0,0,0,0,0,0,0,0,1,0,0,0,0,0,0,0,0,1,0,0,0,1,0,0,0,0,0,1,0,0,0,0,1
54,3,35,1,6,5.09,5.06,33,2,2,4,4,4,2,2,2,2,2,2,2,2,1,0,0,0,0,0,0,0,0,1,0,0,0,0,0,0,0,0,1,0,0,0,1,0,0,0,0,0,0,1,0,0,0,1
33,3,13,2,6,11.04,11.01,19,2,2,4,4,4,4,2,2,3,2,4,2,2,1,0,0,0,0,0,0,0,0,1,0,0,0,0,0,0,0,1,0,0,0,0,1,0,0,0,0,0,0,1,0,0,1,0
27,4,12,0,7,3.0,2.06,69,2,4,2,4,2,3,2,2,2,4,3,4,4,1,0,0,0,0,0,0,0,0,1,1,0,0,0,0,0,0,0,1,0,0,0,1,0,0,0,1,0,0,0,0,1,0,0
35,5,35,2,6,15.07,15.03,23,2,1,3,4,3,3,3,3,3,2,3,2,2,1,0,0,0,0,0,0,0,0,1,1,0,0,0,0,0,0,0,1,0,0,0,1,0,0,0,0,0,1,0,0,0,1,0
36,4,11,2,6,13.02,12.08,25,3,0,2,2,2,3,2,2,2,2,3,2,2,1,0,0,0,0,0,0,0,0,1,1,0,0,0,0,0,0,0,1,0,0,0,1,0,0,0,0,0,0,1,0,0,1,0
26,4,26,0,7,3.08,3.04,58,3,3,3,1,3,3,1,1,1,3,3,3,3,1,0,0,0,0,0,0,0,0,1,1,0,0,0,1,0,0,0,0,0,0,0,0,0,1,0,0,0,0,1,0,1,0,0
63,5,19,1,8,6.02,5.08,44,2,2,4,2,4,3,2,2,2,2,3,2,2,1,0,0,0,0,0,0,0,0,1,0,0,0,0,1,0,0,0,0,0,0,0,0,0,1,0,0,0,0,1,0,0,0,1
26,4,26,1,7,5.08,5.04,35,4,4,4,3,4,4,3,3,3,4,4,4,4,1,0,0,0,0,0,0,0,0,1,0,0,0,0,1,0,0,0,0,0,0,0,0,0,1,1,0,0,0,0,0,0,0,1
30,4,30,0,7,3.01,2.07,59,1,3,4,4,4,4,4,4,4,3,4,3,3,1,0,0,0,0,0,0,0,0,1,1,0,0,0,0,0,0,0,1,0,0,0,1,0,0,1,0,0,0,0,0,1,0,0
34,4,34,0,7,3.04,3.0,65,2,2,3,4,3,4,2,2,2,2,4,2,2,1,0,0,0,0,0,0,0,0,1,0,0,0,0,0,0,0,0,1,0,0,0,1,0,0,1,0,0,0,0,0,1,0,0
32,4,32,1,7,5.06,5.02,41,2,2,4,4,4,2,2,2,2,2,2,2,2,1,0,0,0,0,0,0,0,0,1,1,0,0,0,0,0,0,1,0,0,0,0,1,0,0,1,0,0,0,0,0,0,0,1
33,2,33,2,5,12.01,11.07,26,4,0,4,2,4,3,3,3,3,2,3,2,2,1,0,0,0,0,0,0,0,0,1,0,0,0,0,0,0,0,1,0,0,0,0,1,0,0,0,1,0,0,0,0,0,1,0
31,3,31,0,6,2.09,2.05,76,1,2,4,3,4,2,3,3,3,2,2,2,2,1,0,0,0,0,0,0,0,0,1,1,0,0,0,0,0,0,1,0,0,0,0,1,0,0,0,1,0,0,0,0,1,0,0
32,4,32,2,6,10.03,9.09,22,3,0,4,2,4,4,3,3,3,1,4,1,1,1,0,0,0,0,0,0,0,0,1,0,0,0,0,0,0,0,1,0,0,0,0,1,0,0,0,1,0,0,0,0,0,1,0
31,4,31,2,6,14.02,13.08,18,2,1,3,3,3,3,2,2,4,2,3,2,2,1,0,0,0,0,0,0,0,0,1,0,0,0,0,0,0,0,1,0,1,0,0,0,0,0,0,1,0,0,0,0,0,1,0
27,5,27,0,6,3.04,3.0,57,2,4,4,4,4,4,2,2,4,4,4,4,4,1,0,0,0,0,0,0,0,0,1,1,0,0,0,0,0,0,0,1,0,0,0,1,0,0,0,1,0,0,0,0,1,0,0
28,2,28,1,5,6.07,6.03,43,3,3,4,4,4,4,2,2,4,3,4,3,3,1,0,0,0,0,0,0,0,0,1,1,0,0,0,0,0,0,0,1,0,0,0,1,0,0,0,0,0,0,1,0,0,0,1
56,5,18,1,6,5.08,5.04,38,1,1,2,4,2,2,2,2,2,1,2,1,1,1,0,0,0,0,0,0,0,0,1,0,0,0,0,0,0,0,0,1,0,0,0,1,0,0,0,0,0,0,1,0,0,0,1
55,2,26,0,5,2.03,1.09,61,2,4,3,3,3,3,3,3,3,2,3,2,2,1,0,0,0,0,0,0,0,0,1,0,1,0,0,0,0,0,0,0,0,0,1,0,0,0,0,0,0,0,1,0,1,0,0
47,2,12,1,5,4.09,4.05,58,2,2,2,4,2,2,2,2,2,2,2,2,2,1,0,0,0,0,0,0,0,0,1,1,0,0,0,1,0,0,0,0,0,0,0,0,0,1,0,0,0,0,1,0,0,0,1
28,3,28,1,6,5.09,5.05,34,2,2,3,4,3,3,3,3,3,2,3,2,2,1,0,0,0,0,0,0,0,0,1,1,0,0,0,0,0,0,0,1,0,1,0,0,0,0,1,0,0,0,0,0,0,0,1
48,3,27,2,6,11.04,11.0,26,3,3,2,4,2,2,2,2,2,3,2,3,3,1,0,0,0,0,0,0,0,0,1,1,0,0,0,0,0,0,1,0,0,1,0,0,0,0,1,0,0,0,0,0,0,1,0
29,4,29,0,7,3.0,2.06,57,1,1,1,4,1,1,1,1,1,1,1,1,1,1,0,0,0,0,0,0,0,0,1,0,0,0,0,0,0,1,0,0,0,0,0,1,0,0,1,0,0,0,0,0,1,0,0
39,3,31,2,6,15.07,15.03,24,3,3,2,3,2,2,2,2,2,3,2,3,3,1,0,0,0,0,0,0,0,0,1,0,0,0,0,0,0,0,0,1,0,0,0,1,0,0,1,0,0,0,0,0,0,1,0
53,3,20,2,6,13.02,13.01,27,2,2,3,2,3,3,3,3,3,2,3,2,2,1,0,0,0,0,0,0,0,0,1,0,0,0,0,0,0,0,0,1,0,0,0,1,0,0,1,0,0,0,0,0,0,1,0
57,4,28,0,7,3.08,3.07,67,0,2,4,4,4,4,2,2,4,2,4,2,2,1,0,0,0,0,0,0,0,0,1,0,0,0,0,0,0,1,0,0,0,0,0,1,0,0,1,0,0,0,0,0,1,0,0
46,5,24,1,8,6.02,6.01,36,4,4,2,4,2,2,2,2,2,4,2,4,4,1,0,0,0,0,0,0,0,0,1,0,0,0,0,0,0,1,0,0,0,0,0,1,0,0,0,1,0,0,0,0,0,0,1
53,4,13,1,7,5.08,5.07,42,2,2,3,4,3,3,3,3,3,2,3,2,2,1,0,0,0,0,0,0,0,0,1,0,0,1,0,0,0,0,0,0,0,0,0,0,0,1,0,1,0,0,0,0,0,0,1
58,4,18,0,7,3.01,3.0,73,0,2,4,3,4,2,2,2,2,2,2,2,2,1,0,0,0,0,0,0,0,0,1,1,0,1,0,0,0,0,0,0,0,0,0,0,0,1,0,1,0,0,0,0,1,0,0
45,4,30,0,7,3.04,3.03,41,1,4,4,4,4,3,3,3,3,3,3,3,3,1,0,0,0,0,0,0,0,0,1,0,0,0,1,0,0,0,0,0,0,1,0,0,0,0,0,1,0,0,0,0,1,0,0
54,4,21,1,7,5.06,5.05,33,2,2,2,2,2,4,2,2,2,2,4,2,2,1,0,0,0,0,0,0,0,0,1,1,0,0,0,0,0,0,1,0,0,1,0,0,0,0,0,1,0,0,0,0,0,0,1
35,2,35,2,5,12.01,12.0,19,4,4,3,4,3,4,4,4,4,4,4,4,4,1,0,0,0,0,0,0,0,0,1,0,0,0,0,0,0,0,0,1,0,0,0,1,0,0,0,1,0,0,0,0,0,1,0
29,3,29,0,6,2.09,2.08,69,0,3,2,3,2,2,3,3,3,3,2,3,3,1,0,0,0,0,0,0,0,0,1,0,0,0,0,0,0,0,0,1,0,0,0,1,0,0,0,1,0,0,0,0,1,0,0
29,3,29,2,6,10.03,10.02,23,2,2,3,3,3,3,3,3,3,2,3,2,2,1,0,0,0,0,0,0,0,0,1,0,0,0,0,1,0,0,0,0,0,0,0,1,0,0,1,0,0,0,0,0,0,1,0
62,5,37,2,6,14.02,14.01,25,2,2,4,3,4,2,3,3,3,2,2,2,2,1,0,0,0,0,0,0,0,0,1,0,0,0,0,0,0,0,0,1,0,0,0,1,0,0,1,0,0,0,0,0,0,1,0
54,5,25,0,6,3.04,3.03,57,2,2,4,3,4,3,3,3,3,2,3,2,2,1,0,0,0,0,0,0,0,0,1,0,0,0,0,0,0,0,0,1,0,0,0,1,0,0,1,0,0,0,0,0,1,0,0
37,2,21,1,5,6.07,6.06,43,1,1,4,2,4,2,2,2,2,1,2,1,1,1,0,0,0,0,0,0,0,0,1,1,0,0,0,0,0,0,0,1,0,0,0,1,0,0,1,0,0,0,0,0,0,0,1
39,4,23,1,6,5.08,5.07,38,2,2,3,3,3,1,2,2,3,2,1,2,2,1,0,0,0,0,0,0,0,0,1,0,0,0,0,0,0,1,0,0,0,0,0,1,0,0,1,0,0,0,0,0,0,0,1
28,2,28,0,5,2.03,2.02,61,2,2,4,3,4,2,2,2,3,2,2,2,2,1,0,0,0,0,0,0,0,0,1,0,0,0,0,0,0,0,1,0,0,0,0,1,0,0,1,0,0,0,0,0,1,0,0
31,2,31,1,5,4.09,4.08,58,2,2,4,3,4,3,2,2,3,2,3,2,2,1,0,0,0,0,0,0,0,0,1,0,0,0,0,0,0,0,1,0,0,0,0,0,0,1,0,0,1,0,0,0,0,0,1
28,4,25,1,6,5.09,5.08,34,3,2,4,4,4,4,2,2,4,3,4,3,3,1,0,0,0,0,0,0,0,0,1,0,0,0,0,0,0,0,0,1,0,0,0,1,0,0,0,0,1,0,0,0,0,0,1
33,5,21,2,6,11.04,11.03,26,3,1,4,4,4,2,2,2,4,1,2,1,1,1,0,0,0,0,0,0,0,0,1,0,0,0,0,0,0,1,0,0,0,0,0,1,0,0,0,0,1,0,0,0,0,1,0
64,4,23,0,7,3.0,2.09,57,3,3,3,4,3,3,4,4,4,3,3,3,3,1,0,0,0,0,0,0,0,0,1,0,0,0,0,0,0,0,0,1,0,0,0,1,0,0,0,0,1,0,0,0,1,0,0
54,3,28,2,6,15.07,15.06,24,2,2,2,4,2,2,2,2,2,2,2,2,2,1,0,0,0,0,0,0,0,0,1,0,0,0,0,0,0,1,0,0,0,0,0,1,0,0,0,0,1,0,0,0,0,1,0
62,3,31,2,6,13.02,13.01,27,4,2,4,4,4,3,3,3,3,2,3,2,2,1,0,0,0,0,0,0,0,0,1,0,0,0,0,0,0,0,0,1,0,0,0,1,0,0,0,0,1,0,0,0,0,1,0
50,4,20,1,7,3.04,3.01,67,4,4,2,2,2,2,2,2,2,4,2,4,4,1,0,0,0,0,0,0,0,0,1,1,0,0,0,0,0,0,0,1,0,0,0,1,0,0,0,0,0,0,1,0,0,0,1
38,5,8,1,8,6.08,6.05,36,2,2,4,3,4,4,3,3,3,2,4,2,2,1,0,0,0,0,0,0,0,0,1,1,0,0,0,0,0,1,0,0,0,1,0,0,0,0,0,0,0,0,1,0,0,0,1
33,4,7,1,7,4.08,4.05,42,2,2,3,2,3,3,2,2,2,2,3,2,2,1,0,0,0,0,0,0,0,0,1,0,0,0,0,1,0,0,0,0,0,1,0,0,0,0,0,0,0,0,1,0,0,0,1
27,4,27,0,7,2.09,2.06,73,3,3,4,3,3,3,1,1,1,3,3,3,3,1,0,0,0,0,0,0,0,0,1,1,0,0,0,1,0,0,0,0,0,1,0,0,0,0,0,0,0,0,1,0,1,0,0
43,4,23,0,7,3.05,3.02,41,2,1,4,4,3,3,2,2,2,2,3,2,2,1,0,0,0,0,0,0,0,0,1,0,0,0,0,0,0,0,0,1,0,0,0,1,0,0,0,1,0,0,0,0,1,0,0
49,4,19,1,7,5.07,5.04,33,4,2,4,4,3,3,3,3,3,4,3,4,4,1,0,0,0,0,0,0,0,0,1,1,0,0,0,0,0,0,0,1,0,0,0,1,0,0,0,1,0,0,0,0,0,0,1
40,2,40,2,5,11.03,11.0,19,3,2,4,4,3,3,4,4,4,3,3,3,3,1,0,0,0,0,0,0,0,0,1,0,0,0,0,0,0,0,0,1,0,0,0,1,0,0,1,0,0,0,0,0,0,1,0
35,3,35,0,6,2.07,2.04,69,2,2,4,3,4,4,2,2,2,2,2,2,2,1,0,0,0,0,0,0,0,0,1,1,0,0,0,0,0,1,0,0,0,0,0,1,0,0,1,0,0,0,0,0,1,0,0
29,3,29,0,6,10.01,9.08,23,4,2,4,4,4,4,3,3,3,4,2,4,4,1,0,0,0,0,0,0,0,0,1,0,0,0,0,0,0,1,0,0,0,0,0,1,0,0,1,0,0,0,0,0,1,0,0
57,4,7,1,6,12.05,12.02,25,4,2,4,4,4,4,2,2,2,4,2,4,4,1,0,0,0,0,0,0,0,0,1,0,0,0,0,0,0,1,0,0,0,0,0,1,0,0,0,0,0,0,1,0,0,0,1
34,4,34,1,6,3.02,2.09,58,4,2,2,4,2,2,2,2,2,4,2,4,4,1,0,0,0,0,0,0,0,0,1,0,0,1,0,0,0,0,0,0,0,0,0,0,0,1,0,0,0,0,1,0,0,0,1
28,5,28,2,6,6.02,5.09,44,1,1,4,4,3,3,3,3,3,1,2,1,1,1,0,0,0,0,0,0,0,0,1,0,0,0,0,0,0,0,1,0,0,0,0,0,0,1,0,0,0,0,1,0,0,1,0
34,4,34,0,7,6.04,6.0,35,1,2,4,3,2,2,3,3,3,2,2,2,2,1,0,0,0,0,0,0,0,0,1,0,0,0,0,0,0,0,0,1,0,1,0,0,0,0,0,0,0,0,1,0,1,0,0
55,3,55,0,6,3.07,3.03,59,4,4,4,2,4,4,3,3,3,4,2,4,4,1,0,0,0,0,0,0,0,0,1,1,0,0,0,0,0,0,1,0,0,0,0,1,0,0,0,0,0,0,1,0,1,0,0
46,3,26,1,6,5.09,5.05,65,3,3,4,4,3,3,4,4,4,3,2,3,3,1,0,0,0,0,0,0,0,0,1,1,0,0,0,1,0,0,0,0,0,0,0,1,0,0,0,0,0,0,1,0,0,0,1
30,5,30,1,6,6.07,6.03,41,2,2,4,4,4,4,4,4,4,2,2,2,2,1,0,0,0,0,0,0,0,0,1,0,0,0,0,0,1,0,0,0,0,0,0,1,0,0,0,0,0,0,1,0,0,0,1
41,4,41,2,6,10.09,10.05,26,1,1,4,4,3,3,4,4,4,1,2,1,1,1,0,0,0,0,0,0,0,0,1,0,0,0,0,1,0,0,0,0,0,0,0,1,0,0,0,0,0,0,0,1,0,1,0
26,4,26,2,6,3.09,3.05,76,4,0,4,2,4,4,2,2,2,2,2,2,2,1,0,0,0,0,0,0,0,0,1,1,0,0,0,0,0,1,0,0,0,0,0,1,0,0,0,0,0,0,0,1,0,1,0
29,2,29,2,5,9.08,9.04,22,3,0,4,3,4,4,3,3,3,3,2,3,3,1,0,0,0,0,0,0,0,0,1,0,0,0,0,0,0,1,0,0,0,0,0,1,0,0,0,1,0,0,0,0,0,1,0
31,4,31,1,6,9.06,9.02,18,2,2,4,4,4,4,2,2,2,2,4,2,2,1,0,0,0,0,0,0,0,0,1,1,0,0,0,0,0,0,1,0,0,1,0,0,0,0,0,1,0,0,0,0,0,0,1
36,2,36,0,5,3.06,3.03,57,2,3,2,4,2,2,3,3,3,3,2,3,3,1,0,0,0,0,0,0,0,0,1,1,0,0,0,0,0,1,0,0,0,0,0,1,0,0,0,1,0,0,0,0,1,0,0
52,2,52,1,5,5.07,5.04,43,2,2,3,2,3,3,2,2,2,2,3,2,2,1,0,0,0,0,0,0,0,0,1,1,0,0,0,0,0,1,0,0,0,0,0,1,0,0,0,1,0,0,0,0,0,0,1
60,3,21,1,6,6.04,6.01,38,4,1,2,3,2,2,1,1,1,4,2,4,4,1,0,0,0,0,0,0,0,0,1,0,0,0,0,0,0,0,0,1,0,0,0,1,0,0,0,1,0,0,0,0,0,0,1
54,3,35,0,6,3.04,3.01,61,2,2,3,2,3,3,2,2,2,4,3,4,4,1,0,0,0,0,0,0,0,0,1,0,1,0,0,0,0,0,0,0,0,0,1,0,0,0,0,0,0,1,0,0,1,0,0
41,4,41,0,7,2.09,2.06,58,1,2,2,3,2,2,3,3,3,4,2,4,4,1,0,0,0,0,0,0,0,0,1,0,0,0,1,0,0,0,0,0,0,0,0,0,0,1,0,0,0,1,0,0,1,0,0
60,2,26,1,5,5.06,5.03,34,4,2,1,4,1,1,4,4,4,4,1,4,4,1,0,0,0,0,0,0,0,0,1,0,0,1,0,0,0,0,0,0,0,0,0,0,0,1,0,0,0,0,1,0,0,0,1
27,3,27,2,6,11.02,10.09,26,3,0,2,4,2,2,2,2,2,3,2,3,3,1,0,0,0,0,0,0,0,0,1,0,0,1,0,0,0,0,0,0,0,1,0,0,0,0,0,0,0,0,1,0,0,1,0
52,3,22,0,6,3.07,3.03,57,1,1,3,4,3,3,3,3,3,1,3,1,1,1,0,0,0,0,0,0,0,0,1,0,0,0,0,0,0,0,0,1,0,0,0,1,0,0,0,1,0,0,0,0,1,0,0
56,3,34,2,6,10.06,10.02,24,3,3,4,3,4,4,2,2,2,3,4,3,3,1,0,0,0,0,0,0,0,0,1,0,0,0,0,0,0,1,0,0,0,0,0,1,0,0,0,0,0,1,0,0,0,1,0
45,5,13,2,6,11.02,10.08,27,2,0,4,4,2,2,3,3,3,2,2,2,2,1,0,0,0,0,0,0,0,0,1,0,0,0,0,0,1,0,0,0,0,0,0,1,0,0,0,0,0,0,1,0,0,1,0
30,4,30,0,6,3.08,3.04,67,2,4,4,4,3,3,2,2,2,2,3,2,2,1,0,0,0,0,0,0,0,0,1,1,0,0,0,0,0,0,0,1,0,0,0,1,0,0,0,0,0,0,1,0,1,0,0
61,4,45,1,7,6.02,5.08,36,4,4,4,4,2,2,3,3,3,4,2,4,4,1,0,0,0,0,0,0,0,0,1,1,0,0,0,0,0,0,0,1,0,0,0,1,0,0,0,0,0,0,1,0,0,0,1
25,3,25,1,6,5.08,5.04,42,2,2,4,4,3,3,3,3,3,2,3,2,2,1,0,0,0,0,0,0,0,0,1,1,0,0,0,0,0,0,0,1,0,1,0,0,0,0,1,0,0,0,0,0,0,0,1
25,3,25,0,6,3.01,2.07,73,2,2,4,3,2,2,3,3,3,2,2,2,2,1,0,0,0,0,0,0,0,0,1,1,0,0,0,0,0,0,0,1,0,1,0,0,0,0,1,0,0,0,0,0,1,0,0
26,3,26,1,6,3.04,3.0,41,3,3,4,2,4,4,4,4,4,3,4,3,3,1,0,0,0,0,0,0,0,0,1,0,0,0,0,1,0,0,0,0,0,1,0,0,0,0,1,0,0,0,0,0,0,0,1
36,3,36,1,6,5.06,5.02,33,2,2,3,4,3,3,4,4,4,2,3,2,2,1,0,0,0,0,0,0,0,0,1,0,0,0,0,0,0,0,0,1,0,0,0,1,0,0,1,0,0,0,0,0,0,0,1
52,3,27,2,6,12.01,11.07,19,4,4,3,4,3,3,4,4,4,4,3,4,4,1,0,0,0,0,0,0,0,0,1,1,0,0,0,0,0,1,0,0,0,0,0,1,0,0,0,1,0,0,0,0,0,1,0
64,2,39,0,5,2.09,2.05,69,2,3,4,2,4,3,2,2,2,3,3,3,3,1,0,0,0,0,0,0,0,0,1,1,0,0,0,0,0,0,0,1,0,0,0,1,0,0,0,1,0,0,0,0,1,0,0
54,3,32,2,6,10.03,9.09,23,4,2,4,3,4,3,3,3,3,2,3,2,2,1,0,0,0,0,0,0,0,0,1,0,0,0,0,0,0,0,0,1,0,0,0,1,0,0,0,1,0,0,0,0,0,1,0
40,2,40,2,5,14.02,13.08,25,4,2,2,2,2,3,2,2,2,2,3,2,2,1,0,0,0,0,0,0,0,0,1,1,0,0,0,0,0,1,0,0,0,0,0,1,0,0,0,1,0,0,0,0,0,1,0
60,2,43,0,5,3.04,3.0,57,2,2,3,3,3,4,3,3,3,2,4,2,2,1,0,0,0,0,0,0,0,0,1,1,0,0,0,0,0,1,0,0,0,0,0,1,0,0,0,1,0,0,0,0,1,0,0
35,5,35,1,6,6.07,6.03,43,4,2,2,2,2,4,2,2,2,4,4,4,4,1,0,0,0,0,0,0,0,0,1,1,0,1,0,0,0,0,0,0,0,1,0,0,0,0,0,0,0,0,1,0,0,0,1
56,4,34,1,6,5.08,5.04,38,4,1,3,1,3,4,1,1,1,4,4,4,4,1,0,0,0,0,0,0,0,0,1,0,0,0,0,0,0,0,0,1,0,1,0,0,0,0,0,0,0,0,1,0,0,0,1
49,4,31,0,7,2.03,1.09,61,2,2,4,2,4,2,2,2,2,4,2,4,4,1,0,0,0,0,0,0,0,0,1,1,0,0,0,0,0,0,0,1,0,1,0,0,0,0,0,0,0,0,1,0,1,0,0
38,2,38,0,5,4.09,4.05,58,4,2,4,4,4,3,3,3,3,4,3,4,4,0,0,0,0,1,0,0,1,0,0,0,0,0,0,1,0,0,0,0,0,0,0,1,0,0,0,0,0,0,1,0,1,0,0
31,3,31,1,6,5.09,5.05,34,3,2,4,4,4,2,2,2,2,3,2,3,3,0,0,0,0,1,0,0,1,0,0,1,0,0,0,0,1,0,0,0,0,0,0,1,0,0,1,0,0,0,0,0,0,0,1
36,3,36,2,6,11.04,11.0,26,3,0,3,2,3,4,2,2,3,2,4,2,2,0,0,0,0,1,0,0,1,0,0,0,0,0,0,1,0,0,0,0,0,0,0,1,0,0,1,0,0,0,0,0,0,1,0
52,4,32,0,6,3.0,2.06,57,2,1,4,3,4,3,2,2,3,4,3,4,4,0,0,0,0,1,0,0,1,0,0,0,0,0,0,0,0,0,0,1,0,1,0,0,0,0,1,0,0,0,0,0,1,0,0
59,4,38,2,6,15.07,15.03,24,4,1,4,2,4,4,2,2,3,4,1,4,4,0,0,0,0,1,0,0,1,0,0,0,0,0,0,0,1,0,0,0,0,0,0,0,0,1,1,0,0,0,0,0,0,1,0
43,5,43,2,6,13.02,13.01,27,3,0,4,4,4,3,2,2,4,3,1,3,3,0,0,0,0,1,0,0,1,0,0,0,0,0,0,0,0,0,0,1,0,1,0,0,0,0,1,0,0,0,0,0,0,1,0
47,4,47,0,7,3.04,3.03,67,2,2,4,4,4,4,2,2,4,2,1,2,2,0,0,0,0,1,0,0,1,0,0,1,0,0,0,0,0,0,1,0,0,1,0,0,0,0,1,0,0,0,0,0,1,0,0
28,4,28,1,6,6.08,6.07,36,4,1,3,4,3,3,2,2,4,4,3,4,4,0,0,0,0,1,0,0,1,0,0,1,0,0,0,0,1,0,0,0,0,0,0,1,0,0,0,1,0,0,0,0,0,0,1
48,5,48,1,6,4.08,4.07,42,4,2,4,2,4,4,2,2,2,4,4,4,4,0,0,0,0,1,0,0,1,0,0,1,0,0,0,0,1,0,0,0,0,0,0,1,0,0,0,1,0,0,0,0,0,0,1
36,4,21,0,6,2.09,2.08,73,2,1,3,3,3,3,2,2,3,2,3,2,2,0,0,0,0,1,0,0,1,0,0,1,0,0,0,0,1,0,0,0,0,0,0,1,0,0,0,1,0,0,0,0,1,0,0
39,5,39,1,6,3.05,3.04,41,2,1,4,4,4,4,2,2,2,2,2,2,2,0,0,0,0,1,0,0,1,0,0,0,0,0,0,0,1,0,0,0,0,0,0,1,0,0,0,1,0,0,0,0,0,0,1
53,5,53,1,6,5.07,5.06,33,3,4,4,4,4,4,3,3,3,3,2,3,3,0,0,0,0,1,0,0,1,0,0,1,0,0,0,0,1,0,0,0,0,0,0,1,0,0,0,1,0,0,0,0,0,0,1
57,2,17,2,5,11.03,11.02,19,4,1,2,4,2,2,2,2,2,4,2,4,4,0,0,0,0,1,0,0,1,0,0,1,0,1,0,0,0,0,0,0,0,0,0,0,0,1,0,1,0,0,0,0,0,1,0
46,4,46,0,6,2.07,2.06,69,2,3,3,4,3,3,1,1,1,3,2,3,3,0,0,0,0,1,0,0,1,0,0,1,0,1,0,0,0,0,0,0,0,0,0,0,0,1,0,1,0,0,0,0,1,0,0
53,2,23,2,5,10.01,10.0,23,2,1,2,4,2,2,2,2,2,2,2,2,2,0,0,0,0,1,0,0,1,0,0,1,0,1,0,0,0,0,0,0,0,1,0,0,0,0,1,0,0,0,0,0,0,1,0
58,2,34,2,5,12.05,12.04,25,4,0,4,4,3,3,3,3,3,4,2,4,4,0,0,0,0,1,0,0,1,0,0,1,0,1,0,0,0,0,0,0,0,1,0,0,0,0,1,0,0,0,0,0,0,1,0
62,3,12,0,6,3.02,3.01,58,2,4,4,4,2,2,2,2,2,4,2,4,4,0,0,0,0,1,0,0,1,0,0,0,0,0,0,1,0,0,0,0,0,0,0,1,0,0,1,0,0,0,0,0,1,0,0
54,3,34,1,6,6.02,6.01,44,2,2,4,4,1,1,3,3,3,2,2,2,2,0,0,0,0,1,0,0,1,0,0,0,0,0,0,0,1,0,0,0,0,0,0,1,0,0,1,0,0,0,0,0,0,0,1
43,4,43,1,7,6.04,6.03,35,4,2,4,4,2,2,4,4,4,4,2,4,4,0,0,0,0,1,0,0,1,0,0,0,0,0,0,1,0,0,0,0,0,0,0,1,0,0,1,0,0,0,0,0,0,0,1
32,2,32,0,5,3.07,3.06,59,2,3,4,4,3,3,2,2,2,4,1,4,4,0,0,0,0,1,0,0,1,0,0,1,0,0,0,0,1,0,0,0,0,0,0,1,0,0,1,0,0,0,0,0,1,0,0
42,2,42,0,5,5.09,5.08,65,1,2,4,4,4,4,3,3,3,4,2,4,4,0,0,0,0,1,0,0,1,0,0,1,0,0,0,0,1,0,0,0,0,0,0,1,0,0,0,0,1,0,0,0,1,0,0
38,3,38,1,6,6.07,6.06,41,4,2,4,4,2,2,2,2,2,4,2,4,4,0,0,0,0,1,0,0,1,0,0,1,0,0,0,0,1,0,0,0,0,0,0,1,0,0,0,0,1,0,0,0,0,0,1
41,3,41,2,6,10.09,10.08,26,3,3,4,3,3,3,3,3,3,3,2,3,3,0,0,0,0,1,0,0,1,0,0,1,0,0,0,0,1,0,0,0,0,0,0,1,0,0,0,0,1,0,0,0,0,1,0
45,4,23,0,7,3.09,3.08,76,1,2,4,2,2,2,2,2,2,2,2,2,2,0,0,0,0,1,0,0,1,0,0,1,0,0,0,0,1,0,0,0,0,0,0,1,0,0,0,0,1,0,0,0,1,0,0
32,4,32,2,6,9.08,9.07,22,4,1,4,3,3,3,3,3,3,2,2,2,2,0,0,0,0,1,0,0,1,0,0,1,0,0,0,0,0,0,1,0,0,1,0,0,0,0,0,0,1,0,0,0,0,1,0
26,5,26,2,6,9.06,9.05,18,3,1,4,3,2,2,3,3,3,2,2,2,2,0,0,0,0,1,0,0,1,0,0,1,0,0,0,0,1,0,0,0,0,0,0,1,0,0,0,0,1,0,0,0,0,1,0
31,4,31,0,7,3.06,3.03,57,2,2,4,3,4,4,3,3,3,4,1,4,4,0,0,0,0,1,0,0,1,0,0,1,0,0,0,0,1,0,0,0,0,0,0,1,0,0,0,0,0,0,1,0,1,0,0
25,5,25,1,8,5.07,5.04,43,3,1,4,4,3,3,4,4,4,3,1,3,3,0,0,0,0,1,0,0,1,0,0,1,0,0,0,0,1,0,0,0,0,0,0,1,0,0,0,0,0,0,1,0,0,0,1
37,4,12,1,7,6.04,6.01,38,4,2,3,4,3,3,4,4,4,4,3,4,4,0,0,0,0,1,0,0,1,0,0,0,0,0,0,1,0,0,0,0,0,0,0,1,0,0,0,0,0,0,1,0,0,0,1
63,4,42,0,7,3.04,3.01,61,2,4,3,4,3,3,4,4,4,4,1,4,4,0,0,0,0,1,0,0,1,0,0,0,0,0,0,0,1,0,0,0,0,0,0,1,0,0,0,0,0,0,1,0,1,0,0
40,4,40,1,7,2.09,2.06,58,3,1,3,2,3,3,2,2,2,3,1,3,3,0,0,0,0,1,0,0,1,0,0,0,0,0,0,1,0,0,0,0,0,0,0,1,0,0,0,1,0,0,0,0,0,0,1
37,0,37,1,7,5.06,5.03,34,2,2,3,3,3,3,3,3,3,2,3,2,2,0,0,0,0,1,0,0,1,0,0,0,0,0,0,1,0,0,0,0,0,1,0,0,0,0,0,1,0,0,0,0,0,0,1
38,2,38,2,5,11.02,10.09,26,1,1,4,2,4,4,2,2,2,1,2,1,1,0,0,0,0,1,0,0,1,0,0,0,0,0,0,0,1,0,0,0,0,1,0,0,0,0,1,0,0,0,0,0,0,1,0
61,3,19,0,6,3.07,3.04,57,2,2,4,3,4,4,3,3,3,2,2,2,2,0,0,0,0,1,0,0,1,0,0,0,0,0,0,0,1,0,0,0,0,1,0,0,0,0,1,0,0,0,0,0,1,0,0
32,4,32,2,6,10.06,10.03,24,3,3,4,2,4,4,2,2,2,3,2,3,3,0,0,0,0,1,0,0,1,0,0,0,0,0,0,1,0,0,0,0,0,0,0,1,0,0,1,0,0,0,0,0,0,1,0
27,5,27,2,6,11.02,10.09,27,2,2,2,1,2,2,1,1,1,2,2,2,2,0,0,0,0,1,0,0,1,0,0,0,0,0,0,1,0,0,0,0,0,0,0,1,0,0,0,0,0,0,1,0,0,1,0
62,0,23,0,6,3.08,3.05,67,2,1,3,2,3,3,2,2,2,3,3,3,3,0,0,0,0,1,0,0,1,0,0,1,0,0,0,1,0,0,0,0,0,0,0,1,0,0,0,0,0,0,1,0,1,0,0
37,0,37,1,6,6.02,5.09,36,2,2,2,3,2,2,3,3,3,2,2,2,2,0,0,0,0,1,0,0,1,0,0,0,0,0,0,0,1,0,0,0,0,0,0,1,0,0,0,0,0,0,1,0,0,0,1
49,4,31,1,7,5.08,5.04,42,2,2,4,2,4,4,2,2,2,2,2,2,2,0,0,0,0,1,0,0,1,0,0,1,0,0,0,0,1,0,0,0,0,0,0,1,0,0,0,0,0,0,1,0,0,0,1
33,3,33,0,6,3.01,2.07,73,2,2,3,3,3,3,3,3,3,2,2,2,2,0,0,0,0,1,0,0,1,0,0,1,0,0,0,1,0,0,0,0,0,0,0,1,0,0,0,0,0,0,1,0,1,0,0
42,3,42,0,6,3.04,3.0,41,4,4,4,4,4,4,4,4,4,4,2,4,4,0,0,0,0,1,0,0,1,0,0,0,0,1,0,0,0,0,0,0,0,0,0,0,0,1,0,0,0,0,1,0,1,0,0
30,4,30,1,6,5.06,5.02,33,4,2,3,2,3,3,2,2,2,4,2,4,4,0,0,0,0,1,0,0,1,0,0,0,0,0,0,0,1,0,0,0,0,1,0,0,0,0,0,0,0,0,1,0,0,0,1
50,4,20,2,6,12.01,11.07,19,4,2,4,4,4,4,2,2,3,4,2,4,4,0,0,0,0,1,0,0,1,0,0,0,0,1,0,0,0,0,0,0,0,1,0,0,0,0,0,0,0,0,0,1,0,1,0
35,4,35,0,6,2.09,2.05,69,3,3,3,4,3,3,2,2,2,3,2,3,3,0,0,0,0,1,0,0,1,0,0,0,0,0,0,1,0,0,0,0,0,0,0,1,0,0,0,0,0,0,0,1,1,0,0
42,2,42,2,5,10.03,9.09,23,4,2,4,4,4,4,2,2,3,2,2,2,2,0,0,0,0,1,0,0,1,0,0,1,0,0,0,0,1,0,0,0,0,0,0,1,0,0,0,1,0,0,0,0,0,1,0
28,3,28,2,6,14.02,13.08,25,3,1,4,4,4,4,2,2,2,1,2,1,1,0,0,0,0,1,0,0,1,0,0,0,0,0,0,0,1,0,0,0,0,0,0,1,0,0,0,1,0,0,0,0,0,1,0
28,4,28,0,6,3.04,3.01,57,2,2,2,4,2,2,2,2,3,2,2,2,2,0,0,0,0,1,0,0,1,0,0,1,0,0,0,0,1,0,0,0,0,0,0,1,0,0,0,1,0,0,0,0,1,0,0
38,5,38,1,6,6.07,6.04,43,4,2,3,4,3,3,2,2,3,4,2,4,4,0,0,0,0,1,0,0,1,0,0,0,0,0,0,0,1,0,0,0,0,0,0,1,0,0,0,1,0,0,0,0,0,0,1
63,1,12,1,6,5.08,5.05,38,4,1,2,4,2,2,2,2,3,4,2,4,4,0,0,0,0,1,0,0,1,0,0,0,0,0,0,0,1,0,0,0,0,0,0,1,0,0,0,1,0,0,0,0,0,0,1
35,3,35,0,6,2.03,2.0,61,4,2,3,4,3,3,2,2,4,4,2,4,4,0,0,0,0,1,0,0,1,0,0,0,0,0,1,0,0,0,0,0,0,1,0,0,0,0,0,0,0,1,0,0,1,0,0
30,4,30,1,7,4.09,4.06,58,4,1,2,4,2,2,2,2,4,4,2,4,4,0,0,0,0,1,0,0,1,0,0,0,0,0,0,1,0,0,0,0,0,0,0,1,0,0,0,0,0,1,0,0,0,0,1
61,4,30,1,6,5.09,5.06,34,4,1,1,4,1,1,2,2,4,4,1,4,4,0,0,0,0,1,0,0,1,0,0,0,0,0,0,0,0,0,0,1,0,0,0,1,0,0,0,0,0,0,1,0,0,0,1
30,5,30,2,6,11.04,11.01,26,3,2,2,2,2,2,2,2,2,3,2,3,3,0,0,0,0,1,0,0,1,0,0,0,0,0,0,1,0,0,0,0,0,0,0,1,0,0,0,0,0,0,1,0,0,1,0
45,5,15,0,6,3.0,2.06,57,2,2,3,3,3,3,3,3,3,3,3,3,3,0,0,0,0,1,0,0,1,0,0,0,1,0,0,0,0,0,0,0,0,0,1,0,0,0,0,1,0,0,0,0,1,0,0
27,4,27,2,6,15.07,15.03,24,2,2,4,2,4,4,2,2,2,2,4,2,2,0,0,0,0,1,0,0,1,0,0,0,0,0,0,1,0,0,0,0,0,0,0,0,0,1,0,0,0,1,0,0,0,1,0
26,4,26,2,6,13.02,12.08,27,3,3,2,3,2,2,3,3,3,3,2,3,3,0,0,0,0,1,0,0,1,0,0,0,0,0,0,0,0,1,0,0,0,1,0,0,0,0,0,0,0,0,1,0,0,1,0
52,2,22,1,5,3.04,3.0,67,1,1,3,2,3,3,2,2,2,1,3,1,1,0,0,0,0,1,0,0,1,0,0,1,0,0,1,0,0,0,0,0,0,1,0,0,0,0,0,0,0,0,1,0,0,0,1
59,1,29,1,6,6.08,6.04,36,3,3,4,1,4,2,1,1,1,3,2,3,3,0,0,0,0,1,0,0,1,0,0,1,0,0,0,1,0,0,0,0,0,0,0,1,0,0,0,0,0,0,1,0,0,0,1
34,2,34,1,5,4.08,4.04,42,2,2,4,2,4,3,2,2,2,2,3,2,2,0,0,0,0,1,0,0,1,0,0,1,0,0,0,1,0,0,0,0,0,0,0,1,0,0,1,0,0,0,0,0,0,0,1
35,2,35,0,5,2.09,2.05,73,3,2,2,2,2,2,2,2,2,2,2,2,2,0,0,0,0,1,0,0,1,0,0,1,0,0,0,0,1,0,0,0,0,0,0,1,0,0,1,0,0,0,0,0,1,0,0
60,1,20,0,6,3.05,3.01,41,4,4,3,3,3,4,3,3,3,4,2,4,4,0,0,0,0,1,0,0,1,0,0,0,0,0,0,0,1,0,0,0,0,0,0,1,0,0,1,0,0,0,0,0,1,0,0
50,2,34,1,5,5.07,5.03,33,2,2,2,4,2,3,4,4,4,2,2,2,2,0,0,0,0,1,0,0,1,0,0,1,0,0,0,1,0,0,0,0,0,0,0,1,0,0,1,0,0,0,0,0,0,0,1
40,5,40,2,6,11.03,10.09,19,2,2,3,2,3,3,2,2,2,2,2,2,2,0,0,0,0,1,0,0,1,0,0,1,0,1,0,0,0,0,0,0,0,0,0,0,0,1,0,1,0,0,0,0,0,1,0
30,4,30,0,6,2.07,2.03,69,2,3,4,3,4,3,3,3,3,3,2,3,3,0,0,0,0,1,0,0,1,0,0,1,0,1,0,0,0,0,0,0,0,0,0,0,0,1,0,1,0,0,0,0,1,0,0
61,4,11,0,6,10.01,9.07,23,2,2,4,2,4,3,2,2,2,2,2,2,2,0,0,0,0,1,0,0,1,0,0,0,0,0,1,0,0,0,0,0,0,1,0,0,0,0,0,1,0,0,0,0,1,0,0
32,4,32,1,6,12.05,12.01,25,4,4,4,3,4,3,3,3,3,4,2,4,4,0,0,0,0,1,0,0,1,0,0,0,0,0,1,0,0,0,0,0,0,1,0,0,0,0,0,1,0,0,0,0,0,0,1
43,3,23,1,6,3.02,2.08,58,3,3,3,2,3,4,2,2,2,3,2,3,3,0,0,0,0,1,0,0,1,0,0,0,0,0,0,1,0,0,0,0,0,0,0,1,0,0,0,1,0,0,0,0,0,0,1
29,4,29,2,7,6.02,5.08,44,2,2,4,3,4,4,2,2,3,2,2,2,2,0,0,0,0,1,0,0,1,0,0,0,0,0,0,1,0,0,0,0,0,0,0,1,0,0,0,0,0,0,1,0,0,1,0
36,5,22,0,6,6.04,6.0,35,2,2,4,3,4,4,2,2,3,2,2,2,2,0,0,0,0,1,0,0,1,0,0,0,0,0,0,0,1,0,0,0,0,0,0,1,0,0,0,0,0,0,1,0,1,0,0
40,5,30,0,6,3.07,3.03,59,2,2,2,3,2,2,2,2,3,2,2,2,2,0,0,0,0,1,0,0,1,0,0,1,0,0,0,0,1,0,0,0,0,0,0,1,0,0,0,0,0,0,1,0,1,0,0
55,1,21,1,6,5.09,5.05,65,2,2,3,4,3,3,2,2,4,2,2,2,2,0,0,0,0,1,0,0,1,0,0,1,0,0,0,0,0,0,0,1,0,0,0,1,0,0,0,0,0,0,1,0,0,0,1
33,3,33,1,6,6.07,6.03,41,1,1,2,4,2,2,2,2,4,1,2,1,1,0,0,0,0,1,0,0,1,0,0,0,0,0,0,0,0,1,0,0,0,0,0,1,0,0,1,0,0,0,0,0,0,0,1
34,3,34,2,6,10.09,10.05,26,2,2,4,4,4,4,2,2,4,2,2,2,2,0,0,0,0,1,0,0,1,0,0,0,0,0,0,0,1,0,0,0,0,0,0,1,0,0,1,0,0,0,0,0,0,1,0
28,2,28,2,5,3.09,3.05,76,4,4,4,2,4,4,2,2,2,4,2,4,4,0,0,0,0,1,0,0,1,0,0,1,0,0,0,0,1,0,0,0,0,0,0,1,0,0,1,0,0,0,0,0,0,1,0
30,3,30,2,6,9.08,9.04,22,3,3,4,3,4,4,2,2,3,3,2,3,3,0,0,0,0,1,0,0,1,0,0,0,0,1,0,0,0,0,0,0,0,1,0,0,0,0,1,0,0,0,0,0,0,1,0
29,2,29,1,5,9.06,9.05,18,2,2,4,2,2,2,2,2,2,2,2,2,2,0,0,0,0,1,0,0,1,0,0,1,0,0,0,0,1,0,0,0,0,0,0,1,0,0,1,0,0,0,0,0,0,0,1
25,2,25,0,5,3.06,3.05,57,1,1,4,3,3,3,2,2,3,1,3,1,1,0,0,0,0,1,0,0,1,0,0,0,0,0,0,0,0,0,0,1,0,0,0,1,0,0,1,0,0,0,0,0,1,0,0
36,3,16,1,6,5.07,5.06,43,2,2,4,2,2,2,2,2,2,2,2,2,2,0,0,0,0,1,0,0,1,0,0,0,0,0,0,0,1,0,0,0,0,0,0,1,0,0,0,1,0,0,0,0,0,0,1
52,3,35,1,6,6.04,6.03,38,3,3,4,3,3,3,2,2,3,3,3,3,3,0,0,0,0,1,0,0,1,0,0,0,0,0,0,0,1,0,0,0,0,0,0,1,0,0,0,1,0,0,0,0,0,0,1
59,4,31,0,7,3.04,3.03,61,2,2,4,4,2,2,2,2,4,2,2,2,2,0,0,0,0,1,0,0,1,0,0,0,0,0,0,1,0,0,0,0,0,0,0,1,0,0,0,1,0,0,0,0,1,0,0
54,2,28,0,5,2.09,2.08,58,0,3,4,2,1,1,2,2,2,3,1,3,3,0,0,0,0,1,0,0,1,0,0,0,0,0,0,0,0,1,0,0,0,0,0,1,0,0,0,1,0,0,0,0,1,0,0
47,3,17,1,6,5.06,5.05,34,2,2,4,3,2,2,3,3,3,2,2,2,2,0,0,0,0,1,0,0,1,0,0,0,0,0,0,1,0,0,0,0,0,1,0,0,0,0,0,1,0,0,0,0,0,0,1
28,3,12,2,6,11.02,11.01,26,2,2,4,2,3,3,2,2,2,2,3,2,2,0,0,0,0,1,0,0,1,0,0,0,0,0,0,1,0,0,0,0,0,1,0,0,0,0,0,1,0,0,0,0,0,1,0
48,5,26,0,6,3.07,3.06,57,2,2,4,3,4,4,3,3,3,2,4,2,2,0,0,0,0,1,0,0,1,0,0,0,0,1,0,0,0,0,0,0,0,1,0,0,0,0,0,1,0,0,0,0,1,0,0
36,4,21,2,6,10.06,10.05,24,4,4,2,2,2,2,2,2,2,4,2,4,4,0,0,0,0,1,0,0,1,0,0,0,0,0,0,0,1,0,0,0,0,0,0,1,0,0,1,0,0,0,0,0,0,1,0
39,4,9,2,6,11.02,11.01,27,4,4,3,3,3,3,3,3,3,4,3,4,4,0,0,0,0,1,0,0,1,0,0,0,0,0,0,0,1,0,0,0,0,0,0,1,0,0,1,0,0,0,0,0,0,1,0
53,4,30,0,7,3.08,3.07,67,1,4,2,3,2,2,3,3,3,4,2,4,4,0,0,0,0,1,0,0,1,0,0,1,0,0,0,0,1,0,0,0,0,0,0,1,0,0,1,0,0,0,0,0,1,0,0
57,5,22,1,6,6.02,6.01,36,3,3,3,3,3,3,3,3,3,3,3,3,3,0,0,0,0,1,0,0,1,0,0,1,0,0,0,0,1,0,0,0,0,0,0,1,0,0,1,0,0,0,0,0,0,0,1
46,4,27,1,6,5.08,5.07,42,2,2,2,4,2,2,4,4,4,2,2,2,2,0,0,0,0,1,0,0,1,0,0,1,0,0,0,1,0,0,0,0,0,0,0,1,0,0,1,0,0,0,0,0,0,0,1
53,5,32,0,6,3.01,3.0,73,1,1,4,4,4,4,4,4,4,1,4,1,1,0,0,0,0,1,0,0,1,0,0,1,0,0,0,1,0,0,0,0,0,0,0,1,0,0,1,0,0,0,0,0,1,0,0
58,4,25,1,6,3.04,3.03,41,2,2,3,4,3,3,4,4,4,2,3,2,2,0,0,0,0,1,0,0,1,0,0,0,0,0,0,0,0,0,0,1,0,1,0,0,0,0,0,0,1,0,0,0,0,0,1
62,5,14,1,6,5.06,5.05,33,2,2,3,4,3,3,2,2,2,2,3,2,2,0,0,0,0,1,0,0,1,0,0,0,0,1,0,0,0,0,0,0,0,1,0,0,0,0,0,0,1,0,0,0,0,0,1
26,2,26,2,5,12.01,12.0,19,1,1,3,4,3,3,3,3,3,1,3,1,1,0,0,0,0,1,0,0,1,0,0,1,0,1,0,0,0,0,0,0,0,1,0,0,0,0,0,0,1,0,0,0,0,1,0
61,4,11,0,6,2.09,2.08,69,2,2,3,4,3,3,2,2,2,2,3,2,2,0,0,0,0,1,0,0,1,0,0,1,0,0,0,0,1,0,0,0,0,0,0,1,0,0,0,0,1,0,0,0,1,0,0
25,2,25,2,5,10.03,10.02,23,1,1,3,4,3,3,3,3,3,1,3,1,1,0,0,0,0,1,0,0,1,0,0,0,0,0,0,0,1,0,0,0,0,0,0,1,0,0,0,0,1,0,0,0,0,1,0
32,2,12,2,5,14.02,14.01,25,2,2,4,4,4,4,2,2,2,2,4,2,2,0,0,0,0,1,0,0,1,0,0,1,0,0,0,0,1,0,0,0,0,0,0,1,0,0,0,0,1,0,0,0,0,1,0
33,4,7,0,6,3.04,3.01,57,2,2,4,1,4,4,1,1,1,2,4,2,2,0,0,0,0,1,0,0,1,0,0,0,0,0,0,0,1,0,0,0,0,0,0,1,0,0,0,0,0,0,1,0,1,0,0
25,5,25,1,6,6.07,6.04,43,2,2,4,2,4,4,2,2,2,2,4,2,2,0,0,0,0,1,0,0,1,0,0,0,0,0,0,1,0,0,0,0,0,0,0,1,0,0,0,0,0,0,1,0,0,0,1
51,4,35,1,7,5.08,5.05,38,3,3,2,3,2,2,2,2,3,3,2,3,3,0,0,0,0,1,0,0,1,0,0,0,0,0,0,0,1,0,0,0,0,0,0,1,0,0,0,0,0,0,1,0,0,0,1
32,2,32,0,5,2.03,2.0,61,1,1,3,4,3,3,2,2,4,1,3,1,1,0,0,0,0,1,0,0,1,0,0,0,0,0,0,0,0,0,1,0,0,0,0,0,1,0,0,0,0,0,1,0,1,0,0
42,3,22,0,6,4.09,4.06,58,3,3,2,2,2,2,2,2,2,3,2,3,3,0,0,0,0,1,0,0,1,0,0,0,0,0,0,0,0,0,0,1,0,0,0,1,0,0,0,1,0,0,0,0,1,0,0
31,3,31,1,6,5.09,5.06,34,2,2,4,3,4,4,2,2,3,2,4,2,2,0,0,0,0,1,0,0,1,0,0,0,0,0,0,0,1,0,0,0,0,0,0,1,0,0,0,1,0,0,0,0,0,0,1
29,4,29,2,6,11.04,11.01,26,2,2,3,2,3,3,2,2,2,2,3,2,2,0,0,0,0,1,0,0,1,0,0,0,0,0,0,0,0,1,0,0,0,0,0,1,0,0,1,0,0,0,0,0,0,1,0
41,5,21,0,6,3.0,2.07,57,4,4,4,3,4,4,2,2,3,4,4,4,4,0,0,0,0,1,0,0,1,0,0,0,1,0,0,0,0,0,0,0,0,0,1,0,0,0,1,0,0,0,0,0,1,0,0
63,4,13,2,6,15.07,15.04,24,3,2,3,2,3,3,2,2,2,2,3,2,2,0,0,0,0,1,0,0,1,0,0,0,0,0,0,1,0,0,0,0,0,0,0,0,0,1,1,0,0,0,0,0,0,1,0
54,4,24,2,7,13.02,12.09,27,3,2,4,3,4,4,2,2,3,2,4,2,2,0,0,0,0,1,0,0,1,0,0,0,0,1,0,0,0,0,0,0,0,1,0,0,0,0,0,0,0,0,1,0,0,1,0
51,3,23,0,6,3.04,3.01,67,1,3,3,3,3,3,2,2,3,3,3,3,3,0,0,0,0,1,0,0,1,0,0,1,0,1,0,0,0,0,0,0,0,1,0,0,0,0,0,0,0,0,1,0,1,0,0
24,4,24,1,6,6.08,6.05,36,2,2,4,3,4,4,2,2,3,2,4,2,2,0,0,0,0,1,0,0,1,0,0,1,0,0,0,0,0,0,0,1,0,0,0,1,0,0,0,0,0,0,1,0,0,0,1
61,5,41,1,6,4.08,4.04,42,4,4,4,4,4,3,4,4,4,4,3,4,4,0,0,0,0,1,0,0,1,0,0,1,0,0,0,0,0,1,0,0,0,0,0,1,0,0,0,0,0,0,1,0,0,0,1
32,4,32,0,6,2.09,2.05,73,1,3,4,4,4,4,4,4,4,3,4,3,3,0,0,0,0,1,0,0,1,0,0,1,0,0,0,0,1,0,0,0,0,0,0,1,0,0,0,0,0,0,1,0,1,0,0
42,3,12,1,6,3.05,3.01,41,2,2,2,4,2,3,4,4,4,2,3,2,2,0,0,0,0,1,0,0,1,0,0,0,0,0,0,0,1,0,0,0,0,0,0,1,0,0,0,0,0,0,1,0,0,0,1
50,2,31,1,5,5.07,5.03,33,2,2,3,2,3,4,2,2,2,2,4,2,2,0,0,0,0,1,0,0,1,0,0,1,0,0,0,0,1,0,0,0,0,0,0,1,0,0,0,0,0,0,1,0,0,0,1
56,3,24,2,6,11.03,10.09,19,2,2,2,3,2,3,3,3,3,2,3,2,2,0,0,0,0,1,0,0,1,0,0,1,0,1,0,0,0,0,0,0,0,0,0,0,0,1,0,0,0,0,0,1,0,1,0
26,2,26,0,5,2.07,2.03,69,2,2,3,2,3,4,2,2,2,2,4,2,2,0,0,0,0,1,0,0,1,0,0,1,0,1,0,0,0,0,0,0,0,0,0,0,0,1,0,0,0,0,0,1,1,0,0
32,2,32,2,5,10.01,9.07,23,2,1,4,3,4,4,3,3,3,1,4,1,1,0,0,0,0,1,0,0,1,0,0,0,0,0,0,0,0,0,1,0,0,0,0,0,0,1,0,1,0,0,0,0,0,1,0
40,3,40,2,6,12.05,12.01,25,3,2,4,2,4,2,2,2,2,2,2,2,2,0,0,0,0,1,0,0,1,0,0,0,0,0,0,0,0,1,0,0,0,0,0,1,0,0,0,1,0,0,0,0,0,1,0
33,4,33,0,6,3.02,2.09,58,2,4,4,1,4,3,1,1,1,4,3,4,4,0,0,0,0,1,0,0,1,0,0,0,0,0,0,0,1,0,0,0,0,0,0,1,0,0,0,1,0,0,0,0,1,0,0
26,3,26,1,6,6.02,5.09,44,3,3,3,2,3,2,2,2,2,3,2,3,3,0,0,0,0,1,0,0,1,0,0,0,0,0,0,0,1,0,0,0,0,0,0,1,0,0,0,1,0,0,0,0,0,0,1
42,5,12,1,6,6.04,6.01,35,2,2,4,3,4,3,3,3,3,2,3,2,2,0,0,0,1,0,0,0,0,1,0,0,0,0,0,1,0,0,0,0,0,0,0,1,0,0,0,1,0,0,0,0,0,0,1
31,4,31,0,6,3.07,3.04,59,1,1,4,2,4,2,2,2,2,1,2,1,1,0,0,0,1,0,0,0,0,1,0,1,0,0,0,1,0,0,0,0,0,0,0,1,0,0,0,0,0,1,0,0,1,0,0
27,4,27,0,7,5.09,5.06,65,1,2,4,3,4,1,3,3,3,2,1,2,2,0,0,0,1,0,0,0,0,1,0,1,0,0,0,1,0,0,0,0,0,0,0,1,0,0,0,0,0,1,0,0,1,0,0
52,3,32,1,6,6.07,6.04,41,2,2,2,4,2,2,4,4,4,2,2,2,2,0,0,0,1,0,0,0,0,1,0,1,0,0,0,1,0,0,0,0,0,0,0,1,0,0,0,0,0,0,1,0,0,0,1
63,0,63,2,6,10.09,10.06,26,2,2,3,4,3,3,2,2,2,2,3,2,2,0,0,0,1,0,0,0,0,1,0,1,0,0,0,0,0,1,0,0,0,0,0,1,0,0,0,0,0,0,1,0,0,1,0
55,5,35,0,6,3.09,3.05,76,2,3,4,4,4,4,3,3,3,3,4,3,3,0,0,0,1,0,0,0,0,1,0,1,0,0,0,0,0,1,0,0,0,0,0,1,0,0,0,1,0,0,0,0,1,0,0
49,0,19,2,6,9.08,9.04,22,1,1,2,4,2,2,2,2,2,1,2,1,1,0,0,0,1,0,0,0,0,1,0,0,0,0,0,0,1,0,0,0,0,0,0,1,0,0,0,0,0,1,0,0,0,1,0
54,5,24,2,6,9.06,9.02,18,3,3,3,4,3,3,3,3,3,3,3,3,3,0,0,0,1,0,0,0,0,1,0,1,0,0,0,1,0,0,0,0,0,0,0,1,0,0,0,0,0,0,1,0,0,1,0
61,2,21,0,5,3.06,3.02,57,1,2,2,4,2,2,2,2,2,2,2,2,2,0,0,0,1,0,0,0,0,1,0,1,0,0,0,1,0,0,0,0,0,0,0,1,0,0,0,0,0,0,1,0,1,0,0
27,3,27,1,6,5.07,5.03,43,2,2,3,4,3,3,3,3,3,2,3,2,2,0,0,0,1,0,0,0,0,1,0,1,0,0,0,1,0,0,0,0,0,0,0,0,0,1,0,0,0,0,1,0,0,0,1
42,5,42,1,5,6.04,6.0,38,4,4,2,4,2,2,3,3,3,4,2,4,4,0,0,0,1,0,0,0,0,1,0,0,0,0,0,0,1,0,0,0,0,0,0,0,0,1,1,0,0,0,0,0,0,0,1
45,4,45,0,5,3.04,3.0,61,2,2,4,3,4,4,3,3,3,2,4,2,2,0,0,0,1,0,0,0,0,1,0,0,0,1,0,0,0,0,0,0,0,1,0,0,0,0,1,0,0,0,0,0,1,0,0
50,1,10,1,6,2.09,2.05,58,2,2,3,4,3,3,4,4,4,2,3,2,2,0,0,0,1,0,0,0,0,1,0,0,0,1,0,0,0,0,0,0,0,0,0,1,0,0,1,0,0,0,0,0,0,0,1
34,0,34,1,6,5.06,5.02,34,3,3,3,4,3,3,4,4,4,3,3,3,3,0,0,0,1,0,0,0,0,1,0,0,0,0,0,1,0,0,0,0,0,0,0,1,0,0,1,0,0,0,0,0,0,0,1
32,4,32,2,5,11.02,10.08,26,2,2,3,4,3,3,4,4,4,2,3,2,2,0,0,0,1,0,0,0,0,1,0,0,0,0,0,1,0,0,0,0,0,0,0,1,0,0,0,1,0,0,0,0,0,1,0
38,3,38,0,6,3.07,3.03,57,3,4,3,2,3,3,2,2,2,4,3,4,4,0,0,0,1,0,0,0,0,1,0,0,0,0,0,1,0,0,0,0,0,1,0,0,0,0,0,1,0,0,0,0,1,0,0
31,3,31,2,6,10.06,10.02,24,3,3,3,3,3,3,3,3,3,3,3,3,3,0,0,0,1,0,0,0,0,1,0,0,0,0,0,1,0,0,0,0,0,0,0,0,0,1,0,1,0,0,0,0,0,1,0
36,5,36,2,6,5.06,5.02,27,2,2,4,2,4,4,2,2,2,2,4,2,2,0,0,0,1,0,0,0,0,1,0,0,0,0,0,1,0,0,0,0,0,0,0,1,0,0,0,1,0,0,0,0,0,1,0
52,5,12,0,6,3.04,3.0,67,2,2,4,2,4,4,2,2,2,2,4,2,2,0,0,0,1,0,0,0,0,1,0,1,0,0,0,0,0,0,0,1,0,0,0,1,0,0,0,1,0,0,0,0,1,0,0
59,0,29,1,6,6.08,6.04,36,2,2,4,3,4,4,3,3,3,2,4,2,2,0,0,0,1,0,0,0,0,1,0,0,0,0,0,1,0,0,0,0,0,0,0,1,0,0,0,0,0,0,1,0,0,0,1
49,4,32,1,7,4.08,4.04,42,2,2,2,4,2,2,4,4,4,2,2,2,2,0,0,0,1,0,0,0,0,1,0,0,0,0,0,0,0,0,0,1,0,1,0,0,0,0,0,0,0,0,1,0,0,0,1
43,3,21,0,6,2.09,2.05,73,1,1,3,2,3,3,2,2,2,1,3,1,1,0,0,0,1,0,0,0,0,1,0,1,0,0,0,1,0,0,0,0,0,0,0,0,0,1,0,0,0,0,1,0,1,0,0
54,3,24,0,6,3.05,3.01,41,2,2,2,3,2,2,3,3,3,2,2,2,2,0,0,0,1,0,0,0,0,1,0,0,0,0,0,0,0,0,0,1,0,0,0,1,0,0,0,0,0,0,1,0,1,0,0
61,3,31,1,6,5.07,5.03,33,1,1,4,2,4,4,2,2,2,1,4,1,1,0,0,0,1,0,0,0,0,1,0,0,0,0,0,1,0,0,0,0,0,0,0,1,0,0,1,0,0,0,0,0,0,0,1
29,3,9,2,6,11.03,10.09,19,2,2,3,3,3,3,3,3,3,2,3,2,2,0,0,0,1,0,0,0,0,1,0,1,0,0,0,1,0,0,0,0,0,0,0,1,0,0,1,0,0,0,0,0,0,1,0
42,3,23,0,6,2.07,2.03,69,2,2,4,2,4,4,2,2,2,2,4,2,2,0,0,0,1,0,0,0,0,1,0,0,0,0,0,0,0,1,0,0,0,0,0,1,0,0,1,0,0,0,0,0,1,0,0
62,2,12,2,5,10.01,9.07,23,2,2,4,3,4,3,3,3,3,2,3,2,2,0,0,0,1,0,0,0,0,1,0,1,0,1,0,0,0,0,0,0,0,0,0,0,0,1,1,0,0,0,0,0,0,1,0
46,3,26,2,6,12.05,12.04,25,3,3,4,3,4,4,3,3,3,3,4,3,3,0,0,0,1,0,0,0,0,1,0,0,0,0,0,0,0,0,1,0,1,0,0,0,0,0,1,0,0,0,0,0,0,1,0
28,2,18,0,5,3.04,3.03,57,1,1,2,3,2,3,3,3,3,1,3,1,1,0,0,0,1,0,0,0,0,1,0,1,0,0,0,1,0,0,0,0,0,0,0,1,0,0,1,0,0,0,0,0,1,0,0
38,5,38,1,5,6.08,6.07,43,3,3,3,4,3,4,4,4,4,3,4,3,3,0,0,0,1,0,0,0,0,1,0,0,0,0,0,1,0,0,0,0,0,0,0,1,0,0,0,1,0,0,0,0,0,0,1
43,3,43,1,6,4.08,4.07,38,2,2,2,4,2,3,4,4,4,2,3,2,2,0,0,0,1,0,0,0,0,1,0,0,0,0,0,1,0,0,0,0,0,0,0,1,0,0,0,1,0,0,0,0,0,0,1
51,3,31,0,6,2.09,2.08,61,2,2,3,4,3,4,4,4,4,2,4,2,2,0,0,0,1,0,0,0,0,1,0,1,0,0,0,1,0,0,0,0,0,0,0,1,0,0,0,1,0,0,0,0,1,0,0
60,4,20,1,7,3.05,3.04,58,4,4,4,3,4,4,4,4,4,4,4,4,4,0,0,0,1,0,0,0,0,1,0,1,0,0,0,0,0,1,0,0,0,0,0,1,0,0,0,1,0,0,0,0,0,0,1
30,2,10,1,5,5.07,5.06,34,2,2,4,3,4,2,2,2,2,2,2,2,2,0,0,0,1,0,0,0,0,1,0,1,0,0,0,1,0,0,0,0,0,0,1,0,0,0,0,1,0,0,0,0,0,0,1
35,3,25,2,6,11.03,11.02,26,2,2,4,4,4,3,3,3,3,2,3,2,2,0,0,0,1,0,0,0,0,1,0,1,0,0,1,0,0,0,0,0,0,0,0,0,0,1,0,1,0,0,0,0,0,1,0
30,3,30,0,6,2.07,2.06,57,3,3,3,4,3,2,2,2,2,3,2,3,3,0,0,0,1,0,0,0,0,1,0,0,0,0,0,1,0,0,0,0,0,0,0,0,0,1,0,1,0,0,0,0,1,0,0
37,2,37,2,6,10.01,10.0,24,2,2,4,3,4,3,3,3,3,2,3,2,2,0,0,0,1,0,0,0,0,1,0,0,0,0,0,1,0,0,0,0,0,0,0,0,0,1,1,0,0,0,0,0,0,1,0
31,2,31,2,6,12.05,12.04,27,4,4,4,3,4,2,4,4,4,4,2,4,4,0,0,0,1,0,0,0,0,1,0,1,0,0,0,1,0,0,0,0,0,0,0,1,0,0,1,0,0,0,0,0,0,1,0
36,2,36,1,6,3.08,3.07,67,3,3,4,3,1,1,4,4,4,3,1,3,3,0,0,0,1,0,0,0,0,1,0,0,0,0,0,0,0,1,0,0,0,0,0,1,0,0,1,0,0,0,0,0,0,0,1
43,4,43,1,7,6.02,6.01,36,2,2,4,3,2,2,4,4,4,2,2,2,2,0,0,0,1,0,0,0,0,1,0,1,0,0,0,1,0,0,0,0,0,0,0,1,0,0,1,0,0,0,0,0,0,0,1
63,3,13,1,6,5.08,5.07,42,2,2,4,2,3,3,3,3,3,2,3,2,2,0,0,0,1,0,0,0,0,1,0,0,0,0,0,1,0,0,0,0,0,0,0,1,0,0,1,0,0,0,0,0,0,0,1
45,3,25,0,6,3.01,3.0,73,1,2,4,3,4,4,4,4,4,2,4,2,2,0,0,0,1,0,0,0,0,1,0,1,0,0,1,0,0,0,0,0,0,0,0,1,0,0,1,0,0,0,0,0,1,0,0
30,3,30,0,6,3.04,3.03,41,1,2,4,2,2,2,2,2,2,2,2,2,2,0,0,0,1,0,0,0,0,1,0,0,0,0,0,1,0,0,0,0,0,0,0,0,0,1,0,0,1,0,0,0,1,0,0
37,3,37,1,6,5.06,5.05,33,1,1,4,3,3,3,3,3,3,1,3,1,1,0,0,0,1,0,0,0,0,1,0,0,0,0,1,0,0,0,0,0,0,0,0,0,0,1,0,0,1,0,0,0,0,0,1
39,3,39,2,6,12.01,12.0,19,2,2,4,3,2,2,3,3,3,2,2,2,2,0,0,0,1,0,0,0,0,1,0,0,0,0,1,0,0,0,0,0,0,1,0,0,0,0,0,0,1,0,0,0,0,1,0
35,2,35,0,5,2.09,2.08,69,1,4,4,4,3,3,4,4,4,4,3,4,4,0,0,0,1,0,0,0,0,1,0,0,0,0,0,0,0,0,0,1,0,1,0,0,0,0,0,0,1,0,0,0,1,0,0
31,3,31,0,6,10.03,10.02,23,1,3,4,3,2,2,3,3,3,3,2,3,3,0,0,0,1,0,0,0,0,1,0,0,0,0,0,1,0,0,0,0,0,0,0,1,0,0,0,0,1,0,0,0,1,0,0
36,2,36,1,5,14.02,14.01,25,2,2,4,4,4,4,4,4,4,2,4,2,2,0,0,0,1,0,0,0,0,1,0,0,0,0,0,0,0,1,0,0,0,0,0,1,0,0,0,0,1,0,0,0,0,0,1
52,2,29,1,5,3.04,3.01,58,1,1,3,3,3,3,3,3,3,1,3,1,1,0,0,0,1,0,0,0,0,1,0,0,0,0,0,1,0,0,0,0,0,0,0,1,0,0,0,0,0,0,1,0,0,0,1
59,1,39,2,6,6.07,6.04,44,2,2,3,4,3,3,4,4,4,2,3,2,2,0,0,0,1,0,0,0,0,1,0,0,0,0,0,1,0,0,0,0,0,0,0,1,0,0,0,0,0,0,1,0,0,1,0
43,1,12,0,6,5.08,5.05,35,1,3,3,3,3,3,3,3,3,3,3,3,3,0,0,0,1,0,0,0,0,1,0,0,0,0,0,1,0,0,0,0,0,0,0,1,0,0,0,0,0,0,1,0,1,0,0
30,2,30,0,5,2.03,2.0,59,1,2,3,4,3,3,4,4,4,2,3,2,2,0,0,0,1,0,0,0,0,1,0,1,0,0,0,1,0,0,0,0,0,0,0,1,0,0,0,0,0,0,1,0,1,0,0
38,3,38,1,6,4.09,4.06,65,3,3,3,3,3,3,3,3,3,3,3,3,3,0,0,0,1,0,0,0,0,1,0,1,0,0,1,0,0,0,0,0,0,0,0,1,0,0,0,1,0,0,0,0,0,0,1
30,3,30,1,6,5.09,5.06,41,1,1,4,3,4,4,3,3,3,1,4,1,1,0,0,0,1,0,0,0,0,1,0,1,0,0,1,0,0,0,0,0,0,0,0,1,0,0,0,1,0,0,0,0,0,0,1
34,3,34,2,6,11.04,11.01,26,3,2,4,3,4,4,3,3,3,2,4,2,2,0,0,0,1,0,0,0,0,1,0,1,0,0,1,0,0,0,0,0,0,1,0,0,0,0,1,0,0,0,0,0,0,1,0
28,3,28,2,6,3.0,2.07,76,3,2,4,3,4,4,3,3,3,2,4,2,2,0,0,0,1,0,0,0,0,1,0,0,0,0,0,1,0,0,0,0,0,0,0,1,0,0,1,0,0,0,0,0,0,1,0
36,3,26,2,6,15.07,15.04,22,2,2,2,2,2,2,2,2,2,2,2,2,2,0,0,0,1,0,0,0,0,1,0,1,0,0,0,1,0,0,0,0,0,0,0,1,0,0,1,0,0,0,0,0,0,1,0
45,4,15,1,7,13.02,12.09,18,3,3,3,4,3,3,4,4,4,3,3,3,3,0,0,0,1,0,0,0,0,1,0,1,0,0,1,0,0,0,0,0,0,0,0,1,0,0,0,0,0,0,1,0,0,0,1
59,0,29,0,6,3.08,3.05,57,1,1,2,4,2,2,4,4,4,1,2,1,1,0,0,0,1,0,0,0,0,1,0,1,0,0,1,0,0,0,0,0,0,0,0,1,0,0,0,0,0,0,1,0,1,0,0
41,3,41,1,6,6.02,5.09,43,3,3,4,4,4,4,4,4,4,3,4,3,3,0,0,0,1,0,0,0,0,1,0,0,0,0,1,0,0,0,0,0,0,0,0,1,0,0,0,0,0,0,1,0,0,0,1
62,3,26,1,6,5.08,5.04,38,2,2,3,2,3,3,2,2,2,2,3,2,2,0,0,0,1,0,0,0,0,1,0,0,0,0,1,0,0,0,0,0,0,0,0,1,0,0,0,0,0,0,1,0,0,0,1
40,0,30,0,6,3.01,2.07,61,0,2,4,3,4,4,3,3,3,2,4,2,2,0,0,0,1,0,0,0,0,1,0,0,0,0,0,1,0,0,0,0,0,1,0,0,0,0,0,0,0,0,1,0,1,0,0
26,3,26,0,6,3.04,3.0,58,1,4,4,4,4,4,4,4,4,4,4,4,4,0,0,0,1,0,0,0,0,1,0,0,0,0,0,1,0,0,0,0,0,1,0,0,0,0,0,0,0,0,1,0,1,0,0
42,5,22,1,5,5.06,5.02,34,2,2,4,2,4,4,2,2,2,2,4,2,2,0,0,0,1,0,0,0,0,1,0,0,0,1,0,0,0,0,0,0,0,1,0,0,0,0,0,0,0,0,1,0,0,0,1
31,3,31,2,6,12.01,11.07,26,4,2,2,3,2,2,3,3,3,2,2,2,2,0,0,0,1,0,0,0,0,1,0,1,0,0,0,1,0,0,0,0,0,0,0,1,0,0,0,0,0,0,0,1,0,1,0
36,5,28,0,5,2.09,2.05,57,1,3,3,2,3,3,2,2,2,3,3,3,3,0,0,0,1,0,0,0,0,1,0,1,0,0,0,1,0,0,0,0,0,0,0,1,0,0,0,0,0,0,0,1,1,0,0
46,2,21,2,5,10.03,9.09,24,2,2,2,3,2,2,3,3,3,2,2,2,2,0,0,0,1,0,0,0,0,1,0,1,0,0,0,1,0,0,0,0,0,0,0,1,0,0,0,1,0,0,0,0,0,1,0
59,2,19,2,6,14.02,13.08,27,4,4,3,2,3,3,2,2,2,4,3,4,4,0,0,0,1,0,0,0,0,1,0,1,0,0,1,0,0,0,0,0,0,0,0,1,0,0,0,1,0,0,0,0,0,1,0
40,1,40,0,6,3.04,3.01,67,2,3,2,3,2,2,3,3,3,3,2,3,3,0,0,0,1,0,0,0,0,1,0,1,0,0,1,0,0,0,0,0,0,0,0,1,0,0,0,1,0,0,0,0,1,0,0
41,1,41,1,7,6.07,6.04,36,2,2,1,3,1,1,3,3,3,2,1,2,2,0,0,0,1,0,0,0,0,1,0,0,0,0,1,0,0,0,0,0,0,0,0,1,0,0,0,1,0,0,0,0,0,0,1
54,2,12,1,5,5.08,5.05,42,2,2,2,3,2,2,3,3,3,2,2,2,2,0,0,0,1,0,0,0,0,1,0,1,0,0,0,1,0,0,0,0,0,0,0,0,0,1,0,1,0,0,0,0,0,0,1
61,2,26,0,6,2.03,2.0,73,1,2,3,4,3,3,4,4,4,2,3,2,2,0,0,0,1,0,0,0,0,1,0,1,0,0,0,1,0,0,0,0,0,0,0,0,0,1,0,0,0,1,0,0,1,0,0
32,3,32,1,6,4.09,4.06,41,2,2,4,4,4,4,4,4,4,2,4,2,2,0,0,0,1,0,0,0,0,1,0,1,0,0,0,1,0,0,0,0,0,0,0,0,0,1,0,0,0,1,0,0,0,0,1
26,3,26,1,6,5.09,5.06,33,1,1,4,4,4,2,4,4,4,1,2,1,1,0,0,0,1,0,0,0,0,1,0,0,0,1,0,0,0,0,0,0,0,0,0,1,0,0,0,0,0,0,1,0,0,0,1
62,1,19,2,6,11.04,11.01,19,2,2,4,4,4,3,2,2,2,2,3,2,2,0,0,0,1,0,0,0,0,1,0,0,0,0,0,1,0,0,0,0,0,0,0,1,0,0,0,0,0,0,1,0,0,1,0
30,3,30,0,6,3.0,2.06,69,2,4,2,4,2,2,3,3,3,4,2,4,4,0,0,0,1,0,0,0,0,1,0,0,0,1,0,0,0,0,0,0,0,0,0,1,0,0,0,1,0,0,0,0,1,0,0
41,4,41,2,7,15.07,15.03,23,3,3,3,4,3,3,2,2,2,3,3,3,3,0,0,0,1,0,0,0,0,1,0,0,0,0,1,0,0,0,0,0,0,0,0,1,0,0,0,0,0,1,0,0,0,1,0
27,3,27,2,6,13.02,12.08,25,1,1,2,4,2,2,2,2,3,1,2,1,1,0,0,0,1,0,0,0,0,1,0,0,0,0,0,1,0,0,0,0,0,0,0,1,0,0,0,0,0,0,1,0,0,1,0
35,5,35,0,6,3.08,3.04,57,1,2,3,4,3,4,2,2,4,2,4,2,2,0,0,0,1,0,0,0,0,1,0,0,0,0,0,1,0,0,0,0,0,0,0,1,0,0,0,0,0,0,1,0,1,0,0
28,3,28,1,6,6.02,5.08,43,2,2,4,2,4,3,2,2,2,2,3,2,2,0,0,0,1,0,0,0,0,1,0,0,0,0,0,1,0,0,0,0,0,0,0,0,0,1,0,0,0,0,1,0,0,0,1
36,3,36,1,6,5.08,5.04,38,2,2,4,3,4,3,2,2,3,2,3,2,2,0,0,0,1,0,0,0,0,1,0,0,0,0,0,1,0,0,0,0,0,0,0,1,0,0,1,0,0,0,0,0,0,0,1
38,2,38,0,6,3.01,2.07,61,2,3,4,2,4,3,2,2,4,3,3,3,3,0,0,0,1,0,0,0,0,1,0,1,0,0,0,1,0,0,0,0,0,0,0,1,0,0,1,0,0,0,0,0,1,0,0
63,2,23,0,5,3.04,3.0,58,1,1,3,3,3,3,2,2,4,1,3,1,1,0,0,0,1,0,0,0,0,1,0,1,0,0,0,0,0,1,0,0,0,0,0,1,0,0,1,0,0,0,0,0,1,0,0
30,3,30,1,6,5.06,5.02,34,3,3,4,2,4,3,2,2,2,3,3,3,3,0,0,0,1,0,0,0,0,1,0,1,0,0,0,1,0,0,0,0,0,0,1,0,0,0,1,0,0,0,0,0,0,0,1
43,2,43,2,5,12.01,11.07,26,2,2,4,3,4,4,2,2,3,2,4,2,2,0,0,0,1,0,0,0,0,1,0,1,0,0,0,1,0,0,0,0,0,0,0,0,0,1,0,1,0,0,0,0,0,1,0
40,2,40,0,5,2.09,2.05,57,1,2,4,3,4,4,2,2,2,2,4,2,2,0,0,0,1,0,0,0,0,1,0,1,0,0,0,1,0,0,0,0,0,0,0,0,0,1,0,1,0,0,0,0,1,0,0
33,2,33,2,6,10.03,9.09,24,4,4,4,3,4,4,2,2,3,4,4,4,4,0,0,0,1,0,0,0,0,1,0,1,0,0,0,1,0,0,0,0,0,0,0,0,0,1,0,1,0,0,0,0,0,1,0
31,2,31,2,6,14.02,13.08,27,2,2,3,4,3,2,2,2,4,2,2,2,2,0,0,0,1,0,0,0,0,1,0,1,0,0,0,1,0,0,0,0,0,0,0,1,0,0,0,1,0,0,0,0,0,1,0
36,4,36,0,6,3.04,3.0,67,2,2,2,4,2,3,2,2,4,2,3,2,2,0,0,0,1,0,0,0,0,1,0,1,0,0,0,1,0,0,0,0,0,0,0,1,0,0,0,1,0,0,0,0,1,0,0
52,4,36,1,6,6.07,6.03,36,3,3,4,4,4,2,2,2,4,3,2,3,3,0,0,0,1,0,0,0,0,1,0,0,0,0,0,1,0,0,0,0,0,0,0,1,0,0,0,0,0,0,1,0,0,0,1
59,2,29,1,6,5.08,5.04,42,2,2,4,2,4,4,2,2,3,2,4,2,2,0,0,0,1,0,0,0,0,1,0,1,0,0,0,1,0,0,0,0,0,0,0,1,0,0,0,0,0,0,1,0,0,0,1
38,5,38,0,7,2.03,1.09,73,2,4,4,3,4,3,2,2,4,4,3,4,4,0,0,0,1,0,0,0,0,1,0,1,0,0,0,1,0,0,0,0,0,0,0,1,0,0,0,0,0,0,1,0,1,0,0
40,5,40,1,6,4.09,4.05,41,3,3,3,2,3,4,2,2,2,3,4,3,3,0,0,0,1,0,0,0,0,1,0,1,0,0,0,1,0,0,0,0,0,0,0,0,0,1,0,0,0,0,1,0,0,0,1
53,5,53,1,6,5.09,5.05,33,2,2,4,3,4,4,2,2,3,2,4,2,2,0,0,0,1,0,0,0,0,1,0,0,0,0,0,0,0,1,0,0,0,0,0,0,0,1,1,0,0,0,0,0,0,0,1
42,3,42,2,6,11.04,11.0,19,2,2,3,2,3,4,2,2,2,2,4,2,2,0,0,0,1,0,0,0,0,1,0,0,0,0,0,1,0,0,0,0,0,1,0,0,0,0,1,0,0,0,0,0,0,1,0
48,3,48,0,6,3.0,2.06,69,1,2,4,1,4,2,1,1,1,2,2,2,2,0,0,0,1,0,0,0,0,1,0,0,0,0,0,0,0,0,0,1,0,1,0,0,0,0,1,0,0,0,0,0,1,0,0
45,3,45,2,6,15.07,15.03,23,2,2,4,2,4,3,2,2,2,2,3,2,2,0,0,0,1,0,0,0,0,1,0,0,0,0,0,1,0,0,0,0,0,0,0,1,0,0,1,0,0,0,0,0,0,1,0
40,5,40,2,5,13.02,13.01,25,1,1,4,3,4,2,3,3,3,1,2,1,1,0,0,0,1,0,0,0,0,1,0,0,0,0,0,1,0,0,0,0,0,0,0,1,0,0,1,0,0,0,0,0,0,1,0
50,5,50,0,6,3.04,3.03,58,1,2,2,2,2,3,2,2,2,2,3,2,2,0,0,0,1,0,0,0,0,1,0,0,0,0,0,0,0,1,0,0,0,0,0,1,0,0,1,0,0,0,0,0,1,0,0
30,2,30,1,5,6.08,6.07,44,4,4,3,2,3,2,2,2,2,4,2,4,4,0,0,0,1,0,0,0,0,1,0,0,0,0,0,1,0,0,0,0,0,0,0,1,0,0,0,1,0,0,0,0,0,0,1
45,2,45,1,5,4.08,4.07,35,3,3,2,3,2,1,3,3,3,3,1,3,3,0,0,0,1,0,0,0,0,1,0,0,0,0,0,1,0,0,0,0,0,0,0,1,0,0,0,1,0,0,0,0,0,0,1
25,5,25,0,6,2.09,2.08,59,0,2,4,4,4,2,4,4,4,2,2,2,2,0,0,0,1,0,0,0,0,1,0,1,0,0,0,1,0,0,0,0,0,0,0,1,0,0,0,1,0,0,0,0,1,0,0
29,2,29,0,6,3.05,3.04,65,1,1,3,2,3,3,2,2,2,1,3,1,1,0,0,0,1,0,0,0,0,1,0,1,0,0,0,1,0,0,0,0,0,0,0,1,0,0,0,1,0,0,0,0,1,0,0
31,4,31,1,7,5.07,5.06,41,2,2,4,3,4,4,3,3,3,2,4,2,2,0,0,0,1,0,0,0,0,1,0,1,0,0,0,1,0,0,0,0,0,0,0,1,0,0,0,1,0,0,0,0,0,0,1
36,2,36,2,5,11.03,11.02,26,1,1,3,2,3,2,2,2,2,1,2,1,1,0,0,0,1,0,0,0,0,1,0,1,0,0,0,1,0,0,0,0,0,1,0,0,0,0,0,1,0,0,0,0,0,1,0
52,2,52,0,6,2.07,2.06,76,2,2,4,3,4,3,3,3,3,2,3,2,2,0,0,0,1,0,0,0,0,1,0,0,0,0,0,0,0,1,0,0,0,0,0,1,0,0,0,1,0,0,0,0,1,0,0
59,2,39,2,6,10.01,10.0,22,2,2,4,2,3,2,2,2,2,2,2,2,2,0,0,0,1,0,0,0,0,1,0,1,0,0,0,1,0,0,0,0,0,0,0,1,0,0,1,0,0,0,0,0,0,1,0
54,2,27,2,6,12.05,12.04,18,2,2,4,3,4,3,2,2,3,2,3,2,2,0,0,0,1,0,0,0,0,1,0,1,0,0,0,1,0,0,0,0,0,0,0,1,0,0,1,0,0,0,0,0,0,1,0
62,2,32,0,6,3.02,3.01,57,1,3,4,3,3,2,2,2,3,3,2,3,3,0,0,0,1,0,0,0,0,1,0,1,0,0,0,1,0,0,0,0,0,0,0,1,0,0,1,0,0,0,0,0,1,0,0
41,2,41,1,6,6.02,6.01,43,1,1,4,3,4,4,2,2,3,1,4,1,1,0,0,0,1,0,0,0,0,1,0,0,0,0,0,1,0,0,0,0,0,0,0,1,0,0,1,0,0,0,0,0,0,0,1
36,4,32,1,7,6.04,6.03,38,3,3,4,4,3,3,2,2,4,3,3,3,3,0,0,0,1,0,0,0,0,1,0,0,0,0,0,0,0,0,1,0,0,0,0,1,0,0,1,0,0,0,0,0,0,0,1
23,2,23,0,6,3.07,3.06,61,1,2,4,4,4,3,2,2,4,2,3,2,2,0,0,0,1,0,0,0,0,1,0,0,0,0,0,1,0,0,0,0,0,1,0,0,0,0,1,0,0,0,0,0,1,0,0
49,2,29,1,6,5.09,5.08,58,2,2,3,4,3,3,2,2,2,2,3,2,2,0,0,0,1,0,0,0,0,1,0,0,0,0,0,1,0,0,0,0,0,1,0,0,0,0,0,0,1,0,0,0,0,0,1
22,2,22,1,6,6.07,6.06,34,4,4,4,2,4,3,2,2,3,4,3,4,4,0,0,0,1,0,0,0,0,1,0,0,0,0,0,1,0,0,0,0,0,1,0,0,0,0,0,0,1,0,0,0,0,0,1
42,1,32,2,6,10.09,10.08,26,2,2,4,3,4,3,2,2,2,2,3,2,2,0,0,0,1,0,0,0,0,1,0,1,0,0,0,1,0,0,0,0,0,0,0,1,0,0,0,0,1,0,0,0,0,1,0
31,0,31,0,6,3.09,3.08,57,2,2,4,2,4,4,2,2,3,2,4,2,2,0,0,0,1,0,0,0,0,1,0,1,0,0,0,1,0,0,0,0,0,0,0,1,0,0,0,0,1,0,0,0,1,0,0
36,2,31,2,5,9.08,9.07,24,3,3,3,3,3,4,2,2,4,3,4,3,3,0,0,0,1,0,0,0,0,1,0,1,0,0,0,0,0,1,0,0,0,0,0,1,0,0,0,0,1,0,0,0,0,1,0
52,1,28,2,6,9.06,9.05,27,2,2,2,2,2,4,2,2,4,2,4,2,2,0,0,0,1,0,0,0,0,1,0,1,0,0,0,1,0,0,0,0,0,0,0,1,0,0,0,0,1,0,0,0,0,1,0
59,2,29,0,5,3.06,3.03,67,2,4,3,3,3,2,2,2,4,4,2,4,4,0,0,0,1,0,0,0,0,1,0,1,0,0,0,0,0,1,0,0,0,0,0,1,0,0,0,0,0,0,1,0,1,0,0
37,5,37,1,5,5.07,5.04,36,3,3,2,4,2,3,2,2,3,3,3,3,3,0,0,0,1,0,0,0,0,1,0,0,0,0,0,1,0,0,0,0,0,0,0,1,0,0,0,0,0,0,1,0,0,0,1
38,3,22,1,6,6.04,6.01,42,2,2,4,2,4,2,2,2,4,2,2,2,2,0,1,0,0,0,1,0,0,0,0,1,0,0,0,1,0,0,0,0,0,0,0,0,0,1,0,0,0,0,1,0,0,0,1
54,5,23,0,5,3.04,3.01,73,1,2,4,3,4,4,2,2,4,2,4,2,2,0,1,0,0,0,1,0,0,0,0,1,0,0,0,1,0,0,0,0,0,0,0,0,0,1,0,0,0,0,1,0,1,0,0
50,3,50,0,6,2.09,2.06,41,2,2,4,2,4,3,2,2,4,2,3,2,2,0,1,0,0,0,1,0,0,0,0,1,0,0,0,1,0,0,0,0,0,0,0,0,0,1,0,1,0,0,0,0,1,0,0
22,3,22,1,6,5.06,5.03,33,2,2,4,4,4,4,3,3,3,2,4,2,2,0,1,0,0,0,1,0,0,0,0,0,0,0,0,0,0,0,0,1,0,0,0,1,0,0,0,1,0,0,0,0,0,0,1
29,3,29,2,6,11.02,10.09,19,1,1,4,4,4,3,2,2,2,1,3,1,1,0,1,0,0,0,1,0,0,0,0,0,0,0,0,1,0,0,0,0,0,0,0,1,0,0,1,0,0,0,0,0,0,1,0
49,1,31,0,6,3.07,3.04,69,1,2,4,4,4,4,2,2,3,2,4,2,2,0,1,0,0,0,1,0,0,0,0,0,0,0,0,0,0,1,0,0,0,0,0,1,0,0,1,0,0,0,0,0,1,0,0
35,5,35,2,6,10.06,10.03,23,4,4,4,4,4,3,1,1,3,4,3,4,4,0,1,0,0,0,1,0,0,0,0,0,0,0,0,1,0,0,0,0,0,0,0,1,0,0,1,0,0,0,0,0,0,1,0
30,2,30,2,7,11.02,10.09,25,3,3,4,4,4,4,2,2,3,3,4,3,3,0,1,0,0,0,1,0,0,0,0,0,0,0,0,1,0,0,0,0,0,0,0,1,0,0,0,0,0,0,1,0,0,1,0
51,1,31,0,6,3.08,3.05,57,1,2,4,4,4,3,2,2,4,2,3,2,2,0,1,0,0,0,1,0,0,0,0,0,0,0,0,1,0,0,0,0,0,0,0,1,0,0,0,0,0,0,1,0,1,0,0
23,2,23,1,6,6.02,5.09,43,1,1,4,4,4,4,2,2,4,1,4,1,1,0,1,0,0,0,1,0,0,0,0,0,0,0,0,0,0,0,1,0,1,0,0,0,0,0,0,0,0,0,1,0,0,0,1
42,4,42,1,6,5.08,5.04,38,2,2,4,4,4,3,2,2,4,2,3,2,2,0,1,0,0,0,1,0,0,0,0,0,0,0,0,1,0,0,0,0,0,0,0,1,0,0,0,0,0,0,1,0,0,0,1
29,2,29,0,6,3.01,2.07,61,1,1,4,2,4,4,1,1,2,1,4,1,1,0,1,0,0,0,1,0,0,0,0,1,0,0,0,1,0,0,0,0,0,0,0,1,0,0,0,0,0,0,1,0,1,0,0
28,2,28,1,6,3.04,3.0,58,2,2,3,3,3,3,1,1,3,2,3,2,2,0,1,0,0,0,1,0,0,0,0,1,0,0,0,1,0,0,0,0,0,0,0,1,0,0,0,0,0,0,1,0,0,0,1
34,2,34,1,5,5.06,5.02,34,2,2,4,2,4,4,2,2,2,2,4,2,2,0,1,0,0,0,1,0,0,0,0,1,1,0,0,0,0,0,0,0,0,0,1,0,0,0,0,0,0,0,1,0,0,0,1
59,1,19,2,6,12.01,11.07,26,2,2,4,3,4,4,2,2,3,2,4,2,2,0,1,0,0,0,1,0,0,0,0,1,0,0,0,1,0,0,0,0,0,0,0,0,0,1,0,0,0,0,0,1,0,1,0
54,5,27,0,5,2.09,2.05,57,2,3,4,2,4,3,2,2,4,3,3,3,3,0,1,0,0,0,1,0,0,0,0,0,0,0,0,1,0,0,0,0,0,0,0,0,0,1,0,0,0,0,0,1,1,0,0
38,1,28,2,5,10.03,9.09,24,4,1,2,1,2,4,2,2,4,1,4,1,1,0,1,0,0,0,1,0,0,0,0,0,0,0,0,1,0,0,0,0,0,0,0,0,0,1,0,1,0,0,0,0,0,1,0
61,2,31,2,6,14.02,13.08,27,4,3,3,2,3,4,2,2,2,3,4,3,3,0,1,0,0,0,1,0,0,0,0,1,0,0,0,0,0,1,0,0,0,0,0,1,0,0,0,1,0,0,0,0,0,1,0
24,4,24,1,6,3.04,3.01,67,2,2,2,2,2,2,2,2,3,2,2,2,2,0,1,0,0,0,1,0,0,0,0,0,0,0,0,0,0,0,1,0,0,0,0,1,0,0,0,1,0,0,0,0,0,0,1
32,5,32,1,5,6.07,6.04,36,2,2,3,3,3,3,1,1,2,2,3,2,2,0,1,0,0,0,1,0,0,0,0,1,0,0,0,0,0,0,1,0,0,0,0,1,0,0,0,1,0,0,0,0,0,0,1
31,4,31,1,6,5.08,5.05,42,4,4,4,4,4,2,1,1,3,4,2,4,4,0,1,0,0,0,1,0,0,0,0,0,0,0,0,1,0,0,0,0,0,0,0,1,0,0,0,1,0,0,0,0,0,0,1
25,2,25,0,6,2.03,2.0,73,2,2,4,2,4,3,1,1,4,2,3,2,2,0,1,0,0,0,1,0,0,0,0,1,0,0,0,1,0,0,0,0,0,0,0,1,0,0,0,0,0,1,0,0,1,0,0
35,2,35,0,6,4.09,4.06,41,1,2,4,3,4,2,2,2,4,2,2,2,2,0,1,0,0,0,1,0,0,0,0,0,0,0,0,1,0,0,0,0,0,0,0,0,0,1,0,0,0,1,0,0,1,0,0
59,3,38,1,6,5.09,5.06,33,3,3,3,2,3,1,2,2,4,3,1,3,3,0,1,0,0,0,1,0,0,0,0,0,0,0,0,0,0,0,1,0,0,0,0,0,0,1,0,0,0,0,1,0,0,0,1
54,3,13,2,6,11.04,11.01,19,4,2,4,3,4,2,2,2,3,2,2,2,2,0,1,0,0,0,1,0,0,0,0,0,0,0,0,1,0,0,0,0,0,1,0,0,0,0,0,0,0,0,1,0,0,1,0
37,2,37,0,7,3.0,2.06,69,2,4,3,2,3,3,2,2,4,4,3,4,4,0,1,0,0,0,1,0,0,0,0,0,0,0,0,0,0,1,0,0,0,0,0,1,0,0,0,1,0,0,0,0,1,0,0
54,2,24,0,6,15.07,15.03,23,1,3,4,3,4,4,2,2,4,3,4,3,3,0,1,0,0,0,1,0,0,0,0,0,0,0,0,0,0,0,0,1,0,0,0,1,0,0,0,0,0,1,0,0,1,0,0
33,4,33,1,6,13.02,12.08,25,2,2,4,3,4,2,4,4,4,2,2,2,2,0,1,0,0,0,1,0,0,0,0,0,0,0,0,0,0,0,0,1,0,0,0,1,0,0,0,0,0,0,1,0,0,0,1
29,4,29,1,6,3.04,3.0,58,2,2,4,3,4,3,4,4,4,2,3,2,2,0,1,0,0,0,1,0,0,0,0,0,1,0,0,0,0,0,0,0,0,0,1,0,0,0,0,0,0,0,1,0,0,0,1
33,2,33,2,6,6.08,6.04,44,3,2,4,4,4,2,3,3,3,2,2,2,2,0,1,0,0,0,1,0,0,0,0,0,1,0,0,0,0,0,0,0,0,0,1,0,0,0,0,0,0,0,1,0,0,1,0
35,2,35,0,6,4.08,4.04,35,1,2,4,4,4,3,4,4,4,2,3,2,2,0,1,0,0,0,1,0,0,0,0,0,0,0,0,1,0,0,0,0,0,0,0,1,0,0,1,0,0,0,0,0,1,0,0
24,2,24,0,5,2.09,2.05,59,1,1,4,4,4,2,4,4,4,1,2,1,1,0,1,0,0,0,1,0,0,0,0,1,0,0,0,1,0,0,0,0,0,0,0,1,0,0,1,0,0,0,0,0,1,0,0
28,2,28,1,6,3.05,3.01,65,2,2,4,2,4,4,2,2,2,2,4,2,2,0,1,0,0,0,1,0,0,0,0,1,1,0,0,0,0,0,0,0,0,0,1,0,0,0,1,0,0,0,0,0,0,0,1
35,2,35,1,5,5.07,5.03,41,4,4,4,3,4,3,3,3,3,4,3,4,4,0,1,0,0,0,1,0,0,0,0,1,1,0,0,0,0,0,0,0,0,0,1,0,0,0,1,0,0,0,0,0,0,0,1
42,2,42,2,5,11.03,10.09,26,4,3,4,2,4,3,2,2,2,3,3,3,3,0,1,0,0,0,1,0,0,0,0,1,0,0,0,1,0,0,0,0,0,0,0,0,0,1,0,1,0,0,0,0,0,1,0
25,0,25,2,6,2.07,2.03,76,4,2,4,3,4,3,3,3,3,2,3,2,2,0,1,0,0,0,1,0,0,0,0,0,0,0,0,1,0,0,0,0,0,1,0,0,0,0,0,1,0,0,0,0,0,1,0
43,1,13,2,6,10.01,9.07,22,4,1,4,4,4,3,4,4,4,1,3,1,1,0,1,0,0,0,1,0,0,0,0,1,0,0,0,1,0,0,0,0,0,0,0,1,0,0,0,1,0,0,0,0,0,1,0
26,1,26,1,7,12.05,12.01,18,2,2,4,2,4,3,2,2,2,2,3,2,2,0,1,0,0,0,1,0,0,0,0,0,0,0,0,1,0,0,0,0,0,0,0,1,0,0,0,1,0,0,0,0,0,0,1
30,2,30,0,5,3.02,2.08,57,2,3,4,3,4,4,3,3,3,3,4,3,3,0,1,0,0,0,1,0,0,0,0,0,0,0,0,1,0,0,0,0,0,0,0,1,0,0,0,1,0,0,0,0,1,0,0
35,0,35,1,6,6.02,5.08,43,2,2,4,2,4,4,2,2,2,2,4,2,2,0,1,0,0,0,1,0,0,0,0,0,1,0,0,0,0,0,0,0,0,0,0,0,0,1,0,0,0,0,1,0,0,0,1
27,1,27,1,6,6.04,6.0,38,3,3,4,3,4,4,3,3,3,3,4,3,3,0,1,0,0,0,1,0,0,0,0,0,1,0,0,0,0,0,0,0,0,0,0,0,0,1,0,0,0,0,1,0,0,0,1
33,1,33,0,6,3.07,3.03,61,2,2,4,2,4,2,2,2,2,2,2,2,2,0,1,0,0,0,1,0,0,0,0,0,1,0,0,0,0,0,0,0,0,1,0,0,0,0,0,0,0,0,1,0,1,0,0
31,4,31,0,6,5.09,5.05,58,2,2,4,3,4,3,3,3,3,2,3,2,2,0,1,0,0,0,1,0,0,0,0,0,1,0,0,0,0,0,0,0,0,0,1,0,0,0,0,0,0,0,1,0,1,0,0
36,4,36,1,6,6.07,6.03,34,2,2,4,3,4,2,3,3,3,2,2,2,2,0,1,0,0,0,1,0,0,0,0,0,1,0,0,0,0,0,0,0,0,0,1,0,0,0,1,0,0,0,0,0,0,0,1
37,4,37,2,7,10.09,10.05,26,4,4,4,3,4,4,3,3,3,4,4,4,4,0,1,0,0,0,1,0,0,0,0,1,1,0,0,0,0,0,0,0,0,0,1,0,0,0,1,0,0,0,0,0,0,1,0
63,1,24,0,6,3.09,3.05,57,1,4,4,4,4,3,4,4,4,4,3,4,4,0,1,0,0,0,1,0,0,0,0,1,1,0,0,0,0,0,0,0,0,0,1,0,0,0,1,0,0,0,0,0,1,0,0
26,1,26,2,6,9.08,9.04,24,4,4,4,4,4,4,4,4,4,4,4,4,4,0,1,0,0,0,1,0,0,0,0,1,1,0,0,0,0,0,0,0,0,0,1,0,0,0,1,0,0,0,0,0,0,1,0
34,3,11,2,6,9.06,9.05,27,3,3,4,4,4,3,4,4,4,3,3,3,3,0,1,0,0,0,1,0,0,0,0,1,0,0,0,1,0,0,0,0,0,0,0,0,0,1,1,0,0,0,0,0,0,1,0
39,3,13,0,6,3.06,3.05,67,2,2,4,2,4,4,2,2,2,2,4,2,2,0,1,0,0,0,1,0,0,0,0,1,0,0,0,1,0,0,0,0,0,0,0,1,0,0,1,0,0,0,0,0,1,0,0
26,3,26,1,6,5.07,5.06,36,1,1,3,3,3,3,3,3,3,1,3,1,1,0,1,0,0,0,1,0,0,0,0,0,0,0,0,0,0,0,1,0,0,1,0,0,0,0,0,1,0,0,0,0,0,0,1
52,2,52,1,5,6.04,6.03,42,2,2,4,2,4,4,2,2,2,2,4,2,2,0,1,0,0,0,1,0,0,0,0,1,0,0,0,0,0,0,1,0,0,1,0,0,0,0,0,1,0,0,0,0,0,0,1
37,3,21,0,6,3.04,3.03,73,2,2,3,3,3,3,3,3,3,2,3,2,2,0,1,0,0,0,1,0,0,0,0,1,0,0,0,1,0,0,0,0,0,1,0,0,0,0,0,1,0,0,0,0,1,0,0
32,5,32,1,5,2.09,2.08,41,1,1,4,2,4,4,2,2,2,1,4,1,1,0,1,0,0,0,1,0,0,0,0,1,1,0,0,0,0,0,0,0,0,1,0,0,0,0,0,1,0,0,0,0,0,0,1
25,5,25,1,5,5.06,5.05,33,2,2,4,2,4,3,2,2,2,2,3,2,2,0,1,0,0,0,1,0,0,0,0,0,1,0,0,0,0,0,0,0,0,0,1,0,0,0,0,1,0,0,0,0,0,0,1
31,2,31,2,5,11.02,11.01,19,4,1,4,3,4,4,3,3,3,1,4,1,1,0,1,0,0,0,1,0,0,0,0,0,1,0,0,0,0,0,0,0,0,0,1,0,0,0,0,1,0,0,0,0,0,1,0
37,3,37,0,6,3.07,3.06,69,2,2,4,4,4,4,4,4,4,2,4,2,2,0,1,0,0,0,1,0,0,0,0,0,1,0,0,0,0,0,0,0,0,0,0,0,0,1,0,1,0,0,0,0,1,0,0
52,2,52,2,6,10.06,10.05,23,4,2,2,2,2,2,4,4,4,2,2,2,2,0,1,0,0,0,1,0,0,0,0,0,1,0,0,0,0,0,0,0,0,0,0,0,0,1,1,0,0,0,0,0,0,1,0
50,2,20,2,6,11.02,11.01,25,2,2,4,3,4,3,2,2,2,2,3,2,2,0,1,0,0,0,1,0,0,0,0,0,1,0,0,0,0,0,0,0,0,0,1,0,0,0,1,0,0,0,0,0,0,1,0
51,4,21,0,6,3.08,3.07,57,3,3,4,2,4,2,3,3,3,3,2,3,3,0,1,0,0,0,1,0,0,0,0,0,1,0,0,0,0,0,0,0,0,0,1,0,0,0,1,0,0,0,0,0,1,0,0
50,2,20,1,6,6.02,6.01,43,1,1,4,3,4,3,2,2,2,1,3,1,1,0,1,0,0,0,1,0,0,0,0,0,1,0,0,0,0,0,0,0,0,0,1,0,0,0,1,0,0,0,0,0,0,0,1
33,4,33,1,7,5.08,5.07,38,3,3,4,2,4,2,3,3,3,3,2,3,3,0,1,0,0,0,1,0,0,0,0,0,1,0,0,0,0,0,0,0,0,0,1,0,0,0,1,0,0,0,0,0,0,0,1
58,2,18,0,6,3.01,3.0,61,2,2,4,3,4,1,4,4,4,2,1,2,2,0,1,0,0,0,1,0,0,0,0,1,1,0,0,0,0,0,0,0,0,0,1,0,0,0,1,0,0,0,0,0,1,0,0
25,2,25,0,6,3.04,3.03,58,2,2,4,3,4,2,4,4,4,2,2,2,2,0,1,0,0,0,1,0,0,0,0,1,1,0,0,0,0,0,0,0,0,0,1,0,0,0,0,0,1,0,0,0,1,0,0
29,2,29,1,6,5.06,5.05,34,4,4,4,3,4,3,3,3,3,4,3,4,4,0,1,0,0,0,1,0,0,0,0,1,1,0,0,0,0,0,0,0,0,0,1,0,0,0,0,0,1,0,0,0,0,0,1
33,2,13,2,6,12.01,12.0,26,2,2,4,4,4,4,4,4,4,2,4,2,2,0,1,0,0,0,1,0,0,0,0,1,1,0,0,0,0,0,0,0,0,0,1,0,0,0,0,0,1,0,0,0,0,1,0
34,3,34,0,6,2.09,2.08,57,2,2,4,4,4,2,4,4,4,2,2,2,2,0,1,0,0,0,1,0,0,0,0,0,1,0,0,0,0,0,0,0,0,0,1,0,0,0,0,0,1,0,0,0,1,0,0
56,5,56,2,5,10.03,10.02,24,3,3,4,4,4,3,4,4,4,3,3,3,3,0,1,0,0,0,1,0,0,0,0,0,1,0,0,0,0,0,0,0,0,0,1,0,0,0,0,0,1,0,0,0,0,1,0
32,3,32,2,6,14.02,14.01,27,4,2,4,2,4,2,2,2,2,2,2,2,2,0,1,0,0,0,1,0,0,0,0,0,1,0,0,0,0,0,0,0,0,0,1,0,0,0,0,0,1,0,0,0,0,1,0
45,5,15,0,5,3.04,3.06,67,4,4,4,3,4,3,3,3,3,4,3,4,4,0,1,0,0,0,1,0,0,0,0,1,1,0,0,0,0,0,0,0,0,0,1,0,0,0,0,0,0,0,1,0,1,0,0
31,2,31,1,5,6.07,6.09,36,3,3,4,2,4,2,2,2,2,3,2,3,3,0,1,0,0,0,1,0,0,0,0,0,1,0,0,0,0,0,0,0,0,0,1,0,0,0,0,0,0,0,1,0,0,0,1
41,3,21,1,6,5.08,6.0,42,2,2,4,3,4,4,3,3,3,2,4,2,2,0,1,0,0,0,1,0,0,0,0,1,1,0,0,0,0,0,0,0,0,0,0,0,0,1,0,0,0,0,1,0,0,0,1
52,5,52,0,6,2.03,2.05,73,2,2,3,4,3,3,4,4,4,2,3,2,2,0,1,0,0,0,1,0,0,0,0,1,0,0,0,1,0,0,0,0,0,0,0,1,0,0,0,0,0,0,1,0,1,0,0
51,4,51,1,7,4.09,5.01,41,2,2,3,2,3,3,2,2,2,2,3,2,2,0,1,0,0,0,1,0,0,0,0,0,0,0,0,0,0,1,0,0,0,0,0,1,0,0,0,1,0,0,0,0,0,0,1
34,2,34,1,5,5.09,6.01,33,2,2,4,3,4,3,3,3,3,2,3,2,2,0,1,0,0,0,1,0,0,0,0,0,0,0,0,1,0,0,0,0,0,0,0,1,0,0,0,1,0,0,0,0,0,0,1
51,1,11,2,6,11.04,11.06,19,4,1,4,2,4,3,2,2,2,1,3,1,1,0,1,0,0,0,1,0,0,0,0,0,0,0,0,0,0,0,1,0,0,1,0,0,0,0,1,0,0,0,0,0,0,1,0
39,3,39,0,6,3.0,3.02,69,2,2,4,3,4,3,3,3,3,2,3,2,2,0,1,0,0,0,1,0,0,0,0,0,0,0,0,1,0,0,0,0,0,0,0,1,0,0,1,0,0,0,0,0,1,0,0
42,3,42,2,6,15.07,15.09,23,4,1,4,2,4,4,2,2,2,1,4,1,1,0,1,0,0,0,1,0,0,0,0,0,0,0,0,1,0,0,0,0,0,0,0,1,0,0,1,0,0,0,0,0,0,1,0
52,3,22,2,6,13.02,13.04,25,4,2,4,3,4,4,3,3,3,2,4,2,2,0,1,0,0,0,1,0,0,0,0,0,0,0,0,1,0,0,0,0,0,0,0,1,0,0,0,0,0,0,1,0,0,1,0
51,2,30,0,5,3.04,3.06,58,2,2,4,3,4,4,3,3,3,2,4,2,2,0,1,0,0,0,1,0,0,0,0,0,1,0,0,0,0,0,0,0,0,0,0,0,0,1,0,0,0,0,1,0,1,0,0
30,1,21,1,6,6.08,7.0,44,2,2,2,3,2,2,3,3,3,2,2,2,2,0,1,0,0,0,1,0,0,0,0,0,1,0,0,0,0,0,0,0,0,0,1,0,0,0,0,0,0,0,1,0,0,0,1
37,4,24,1,6,4.08,5.0,35,3,3,3,4,3,3,4,4,4,3,3,3,3,0,1,0,0,0,1,0,0,0,0,0,1,0,0,0,0,0,0,0,0,0,1,0,0,0,0,0,0,0,1,0,0,0,1
42,2,22,0,6,2.09,3.01,59,1,1,2,4,2,2,4,4,4,1,2,1,1,0,1,0,0,0,1,0,0,0,0,1,1,0,0,0,0,0,0,0,0,0,1,0,0,0,0,0,0,0,1,0,1,0,0
26,3,26,0,6,3.05,3.07,65,3,3,4,4,4,4,4,4,4,3,4,3,3,0,1,0,0,0,1,0,0,0,0,1,1,0,0,0,0,0,0,0,0,0,1,0,0,0,0,0,0,0,1,0,1,0,0
37,4,15,1,6,5.07,5.09,41,2,2,3,2,3,3,2,2,2,2,3,2,2,0,1,0,0,0,1,0,0,0,0,0,1,0,0,0,0,0,0,0,0,0,1,0,0,0,0,0,0,0,1,0,0,0,1
52,2,22,2,7,11.03,11.05,26,2,2,4,3,4,4,3,3,3,2,4,2,2,0,1,0,0,0,1,0,0,0,0,0,0,0,0,1,0,0,0,0,0,0,0,1,0,0,0,0,0,0,0,1,0,1,0
25,0,25,0,6,2.07,2.09,76,4,4,3,4,3,3,2,2,2,4,3,4,4,0,1,0,0,0,1,0,0,0,0,0,1,0,0,0,0,0,0,0,0,0,1,0,0,0,0,0,0,0,0,1,1,0,0
34,0,34,2,6,10.01,10.03,22,2,2,4,4,4,4,3,3,3,2,4,2,2,0,1,0,0,0,1,0,0,0,0,1,1,0,0,0,0,0,0,0,0,0,1,0,0,0,0,1,0,0,0,0,0,1,0
57,1,23,2,6,12.05,12.07,18,4,2,3,2,3,3,2,2,2,2,3,2,2,0,1,0,0,0,1,0,0,0,0,1,1,0,0,0,0,0,0,0,0,0,0,0,0,1,0,1,0,0,0,0,0,1,0
54,2,29,0,6,3.02,3.04,57,3,3,4,3,4,4,3,3,3,3,4,3,3,0,1,0,0,0,1,0,0,0,0,1,0,0,0,0,0,0,1,0,0,0,0,0,0,1,0,1,0,0,0,0,1,0,0
58,5,27,1,6,6.02,6.04,43,2,2,3,2,3,3,4,4,4,2,3,2,2,0,1,0,0,0,1,0,0,0,0,0,1,0,0,0,0,0,0,0,0,0,1,0,0,0,0,1,0,0,0,0,0,0,1
24,2,24,1,5,6.04,6.06,38,4,4,4,3,4,4,2,2,2,4,4,4,4,0,1,0,0,0,1,0,0,0,0,0,1,0,0,0,0,0,0,0,0,0,1,0,0,0,0,1,0,0,0,0,0,0,1
42,4,22,0,6,3.07,3.09,61,3,3,4,4,4,4,3,3,3,3,4,3,3,0,1,0,0,0,1,0,0,0,0,0,1,0,0,0,0,0,0,0,0,0,1,0,0,0,0,0,0,1,0,0,1,0,0
55,5,33,1,5,5.09,6.01,58,2,2,2,4,2,2,2,2,2,2,2,2,2,0,1,0,0,0,1,0,0,0,0,0,0,0,0,1,0,0,0,0,0,1,0,0,0,0,0,0,0,1,0,0,0,0,1
54,5,32,1,5,6.07,6.09,34,2,2,3,4,3,3,3,3,3,2,3,2,2,0,1,0,0,0,1,0,0,0,0,0,1,0,0,0,0,0,0,0,0,0,1,0,0,0,0,0,0,0,1,0,0,0,1
28,4,28,2,6,10.09,11.01,26,4,2,2,3,2,2,2,2,2,2,2,2,2,0,1,0,0,0,1,0,0,0,0,1,0,0,0,1,0,0,0,0,0,0,0,1,0,0,0,0,0,0,1,0,0,1,0
34,2,34,0,6,3.09,4.01,57,2,2,3,4,3,3,3,3,3,2,3,2,2,0,1,0,0,0,1,0,0,0,0,1,1,0,0,0,0,0,0,0,0,0,0,0,0,1,0,1,0,0,0,0,1,0,0
32,4,32,2,7,9.08,10.0,24,4,1,4,4,4,2,3,3,3,1,2,1,1,0,1,0,0,0,1,0,0,0,0,0,0,0,0,1,0,0,0,0,0,0,0,0,0,1,0,0,0,1,0,0,0,1,0
45,4,25,2,5,9.06,9.08,27,4,2,4,3,4,1,3,3,3,2,1,2,2,0,1,0,0,0,1,0,0,0,0,0,1,0,0,0,0,0,0,0,0,0,1,0,0,0,0,0,0,0,1,0,0,1,0
49,3,29,0,6,3.06,3.08,67,4,1,4,4,2,2,4,4,4,4,2,4,4,0,1,0,0,0,1,0,0,0,0,1,0,0,0,1,0,0,0,0,0,1,0,0,0,0,0,0,0,0,1,0,1,0,0
59,2,32,1,6,5.07,5.09,36,3,2,4,4,3,3,4,4,4,3,3,3,3,0,1,0,0,0,1,0,0,0,0,0,1,0,0,0,0,0,0,0,0,0,1,0,0,0,0,0,0,0,1,0,0,0,1
53,5,26,1,6,6.04,6.06,42,2,2,4,4,2,4,4,4,4,2,4,2,2,0,1,0,0,0,1,0,0,0,0,1,0,0,0,0,0,1,0,0,0,0,0,1,0,0,1,0,0,0,0,0,0,0,1
48,4,23,0,6,3.04,3.06,73,4,1,4,2,3,2,2,2,2,1,2,1,1,0,1,0,0,0,1,0,0,0,0,1,0,0,0,1,0,0,0,0,0,0,0,1,0,0,1,0,0,0,0,0,1,0,0
46,2,16,0,6,2.09,3.0,41,4,2,4,3,4,3,3,3,3,2,3,2,2,0,1,0,0,0,1,0,0,0,0,1,0,1,0,0,0,0,0,0,0,0,0,1,0,0,1,0,0,0,0,0,1,0,0
51,5,11,1,7,5.06,5.07,33,3,2,4,2,4,4,2,2,2,3,2,3,3,0,1,0,0,0,1,0,0,0,0,0,1,0,0,0,0,0,0,0,0,0,1,0,0,0,1,0,0,0,0,0,0,0,1
52,1,52,2,6,11.02,11.03,19,2,2,4,2,4,4,2,2,2,2,3,2,2,0,1,0,0,0,1,0,0,0,0,0,1,0,0,0,0,0,0,0,0,0,1,0,0,0,0,1,0,0,0,0,0,1,0
25,4,25,0,6,3.07,3.08,69,4,1,4,3,3,2,3,3,3,3,2,3,3,0,1,0,0,0,1,0,0,0,0,0,1,0,0,0,0,0,0,0,0,0,1,0,0,0,0,1,0,0,0,0,1,0,0
24,2,24,2,6,10.06,10.07,23,2,2,4,4,4,3,4,4,4,2,4,2,2,0,1,0,0,0,1,0,0,0,0,0,1,0,0,0,0,0,0,0,0,0,1,0,0,0,0,1,0,0,0,0,0,1,0
37,5,37,2,6,11.02,11.03,25,2,2,4,2,4,2,2,2,2,2,3,2,2,0,1,0,0,0,1,0,0,0,0,0,1,0,0,0,0,0,0,0,0,0,1,0,0,0,0,1,0,0,0,0,0,1,0
56,4,26,0,6,3.08,3.09,57,2,2,4,3,4,3,3,3,3,2,3,2,2,0,1,0,0,0,1,0,0,0,0,0,0,0,0,0,0,0,1,0,0,0,0,1,0,0,0,1,0,0,0,0,1,0,0
32,2,12,1,5,6.02,6.03,43,4,3,3,2,3,4,2,2,2,4,3,4,4,0,1,0,0,0,1,0,0,0,0,0,1,0,0,0,0,0,0,0,0,0,1,0,0,0,0,0,0,0,1,0,0,0,1
42,3,24,1,6,5.08,5.09,38,4,1,3,3,3,4,3,3,3,4,3,4,4,0,1,0,0,0,1,0,0,0,0,0,0,0,0,1,0,0,0,0,0,1,0,0,0,0,0,0,0,0,1,0,0,0,1
28,2,28,0,5,3.01,3.02,61,4,3,3,2,3,4,2,2,2,4,3,4,4,0,1,0,0,0,1,0,0,0,0,1,0,0,0,1,0,0,0,0,0,0,0,0,0,1,0,0,0,0,1,0,1,0,0
29,2,19,1,5,3.04,3.05,58,1,1,4,3,4,3,3,3,3,1,4,1,1,0,1,0,0,0,1,0,0,0,0,1,0,0,0,0,0,0,1,0,0,0,0,1,0,0,0,0,0,0,1,0,0,0,1
38,2,28,1,6,5.06,5.07,34,2,2,4,3,4,4,3,3,3,2,4,2,2,0,1,0,0,0,1,0,0,0,0,1,0,0,0,0,0,0,1,0,0,0,0,0,0,1,1,0,0,0,0,0,0,0,1
56,2,17,2,6,12.01,12.02,26,2,1,4,3,4,4,3,3,3,2,4,2,2,0,1,0,0,0,1,0,0,0,0,1,1,0,0,0,0,0,0,0,0,1,0,0,0,0,1,0,0,0,0,0,0,1,0
32,4,32,0,7,2.09,3.0,57,2,1,2,4,2,4,4,4,4,2,2,2,2,0,1,0,0,0,1,0,0,0,0,0,1,0,0,0,0,0,0,0,0,0,1,0,0,0,1,0,0,0,0,0,1,0,0
29,2,29,2,5,10.03,10.04,24,3,2,3,4,3,4,4,4,4,3,3,3,3,0,1,0,0,0,1,0,0,0,0,0,1,0,0,0,0,0,0,0,0,0,1,0,0,0,1,0,0,0,0,0,0,1,0
27,4,27,2,6,14.02,14.03,27,1,1,2,4,2,2,4,4,4,1,2,1,1,0,1,0,0,0,1,0,0,0,0,1,1,0,0,0,0,0,0,0,0,0,1,0,0,0,1,0,0,0,0,0,0,1,0
55,2,25,1,6,3.04,3.05,67,3,1,4,2,4,4,2,2,2,3,4,3,3,0,1,0,0,0,1,0,0,0,0,0,1,0,0,0,0,0,0,0,0,0,1,0,0,0,1,0,0,0,0,0,0,0,1
30,4,30,1,6,6.07,6.08,36,2,2,3,3,3,3,3,3,3,2,3,2,2,0,1,0,0,0,1,0,0,0,0,1,1,0,0,0,0,0,0,0,0,0,1,0,0,0,0,1,0,0,0,0,0,0,1
29,1,21,1,6,5.08,5.09,42,2,2,4,2,4,4,2,2,2,2,4,2,2,0,1,0,0,0,1,0,0,0,0,0,1,0,0,0,0,0,0,0,0,0,1,0,0,0,0,1,0,0,0,0,0,0,1
31,3,31,0,6,2.03,2.04,73,4,2,3,3,3,3,3,3,3,4,3,4,4,0,1,0,0,0,1,0,0,0,0,1,1,0,0,0,0,0,0,0,0,0,1,0,0,0,0,1,0,0,0,0,1,0,0
26,3,26,0,7,4.09,5.0,41,2,2,4,2,4,4,2,2,2,2,4,2,2,0,1,0,0,0,1,0,0,0,0,0,0,0,0,1,0,0,0,0,0,0,0,0,0,1,0,1,0,0,0,0,1,0,0
40,4,30,1,6,5.09,6.0,33,2,2,3,1,3,3,1,1,1,2,3,2,2,0,1,0,0,0,1,0,0,0,0,1,0,0,0,0,0,1,0,0,0,0,0,1,0,0,0,1,0,0,0,0,0,0,1
57,1,24,2,6,11.04,11.05,19,4,3,4,2,4,4,2,2,2,3,4,3,3,0,1,0,0,0,1,0,0,0,0,0,0,0,0,1,0,0,0,0,0,1,0,0,0,0,0,1,0,0,0,0,0,1,0
34,2,34,0,6,3.0,3.01,69,2,2,3,3,3,3,3,3,3,2,3,2,2,0,1,0,0,0,1,0,0,0,0,0,0,0,0,0,0,0,1,0,0,1,0,0,0,0,0,1,0,0,0,0,1,0,0
56,2,23,0,6,15.07,15.08,23,4,2,4,2,4,4,2,2,2,4,4,4,4,0,1,0,0,0,1,0,0,0,0,1,0,0,0,1,0,0,0,0,0,0,0,1,0,0,1,0,0,0,0,0,1,0,0
39,2,29,1,6,13.02,13.03,25,3,1,3,3,3,3,3,3,3,3,3,3,3,0,1,0,0,0,1,0,0,0,0,0,0,0,0,0,0,0,1,0,0,0,0,1,0,0,1,0,0,0,0,0,0,0,1
29,2,29,1,5,3.04,3.05,58,2,2,4,3,4,4,3,3,3,2,4,2,2,0,1,0,0,0,1,0,0,0,0,0,1,0,0,0,0,0,0,0,0,0,1,0,0,0,1,0,0,0,0,0,0,0,1
52,1,52,2,6,6.08,6.09,44,4,2,4,3,4,4,3,3,3,2,4,2,2,0,1,0,0,0,1,0,0,0,0,0,1,0,0,0,0,0,0,0,0,0,1,0,0,0,1,0,0,0,0,0,0,1,0
64,2,28,0,5,4.08,4.09,35,2,2,4,2,4,4,2,2,2,2,4,2,2,0,1,0,0,0,1,0,0,0,0,0,1,0,0,0,0,0,0,0,0,0,1,0,0,0,1,0,0,0,0,0,1,0,0
52,2,18,0,5,2.09,3.0,59,2,2,2,3,2,2,3,3,3,2,2,2,2,0,1,0,0,0,1,0,0,0,0,1,1,0,0,0,0,0,0,0,0,0,1,0,0,0,1,0,0,0,0,0,1,0,0
32,2,32,1,6,3.05,3.08,65,1,1,3,4,3,3,4,4,4,1,3,1,1,0,1,0,0,0,1,0,0,0,0,0,0,0,0,1,0,0,0,0,0,0,0,1,0,0,0,0,1,0,0,0,0,0,1
29,2,20,1,6,5.07,6.0,41,2,2,2,2,2,2,2,2,2,2,2,2,2,0,1,0,0,0,1,0,0,0,0,0,0,0,0,1,0,0,0,0,0,0,0,1,0,0,0,0,1,0,0,0,0,0,1
28,4,28,2,7,11.03,11.06,26,4,2,3,3,3,3,3,3,3,4,3,4,4,0,1,0,0,0,1,0,0,0,0,1,0,0,0,1,0,0,0,0,0,0,0,1,0,0,0,0,1,0,0,0,0,1,0
27,2,27,2,5,2.07,3.0,76,4,2,2,2,2,2,2,2,2,3,2,3,3,0,1,0,0,0,1,0,0,0,0,0,1,0,0,0,0,0,0,0,0,0,1,0,0,0,0,0,1,0,0,0,0,1,0
52,1,32,2,6,10.01,10.04,22,3,2,1,3,1,1,3,3,3,2,1,2,2,0,1,0,0,0,1,0,0,0,0,1,0,1,0,0,0,0,0,0,0,0,0,0,0,1,0,0,1,0,0,0,0,1,0
57,1,37,1,6,12.05,12.08,18,1,1,2,2,2,2,2,2,2,1,2,1,1,0,1,0,0,0,1,0,0,0,0,1,0,1,0,0,0,0,0,0,0,0,0,0,0,1,0,0,1,0,0,0,0,0,1
54,2,54,0,6,3.02,3.05,57,2,2,3,3,3,3,3,3,3,2,3,2,2,0,1,0,0,0,1,0,0,0,0,1,0,1,0,0,0,0,0,0,0,0,0,0,0,1,0,0,0,0,1,0,1,0,0
56,2,26,1,6,6.02,6.02,43,3,2,4,3,4,4,3,3,3,3,4,3,3,0,1,0,0,0,1,0,0,0,0,1,0,1,0,0,0,0,0,0,0,0,0,1,0,0,0,0,0,0,1,0,0,0,1
39,2,19,1,6,6.04,6.04,38,2,2,4,3,4,2,3,3,3,2,2,2,2,0,1,0,0,0,1,0,0,0,0,0,0,0,0,1,0,0,0,0,0,0,0,1,0,0,0,0,0,0,1,0,0,0,1
42,4,42,0,7,3.07,3.07,61,3,1,2,4,2,3,4,4,4,3,3,3,3,0,1,0,0,0,1,0,0,0,0,0,0,0,0,1,0,0,0,0,0,0,0,1,0,0,0,0,0,0,1,0,1,0,0
52,0,32,0,6,5.09,5.09,58,2,1,3,4,3,2,4,4,4,2,2,2,2,0,1,0,0,0,1,0,0,0,0,0,0,1,0,0,0,0,0,0,0,0,0,1,0,0,0,1,0,0,0,0,1,0,0
64,1,24,1,6,6.07,6.07,34,2,1,2,4,2,3,4,4,4,2,3,2,2,0,1,0,0,0,1,0,0,0,0,0,0,0,0,1,0,0,0,0,0,0,0,1,0,0,0,1,0,0,0,0,0,0,1
51,5,24,2,6,10.09,10.09,26,2,2,3,2,3,2,2,2,2,2,2,2,2,0,1,0,0,0,1,0,0,0,0,1,0,0,0,1,0,0,0,0,0,0,0,0,0,1,1,0,0,0,0,0,0,1,0
26,2,26,0,6,3.09,3.09,57,4,2,4,3,4,4,3,3,3,4,4,4,4,0,1,0,0,0,1,0,0,0,0,1,0,1,0,0,0,0,0,0,0,0,1,0,0,0,1,0,0,0,0,0,1,0,0
30,2,30,2,6,9.08,9.06,24,4,2,4,2,4,3,2,2,2,4,3,4,4,0,1,0,0,0,1,0,0,0,0,1,1,0,0,0,0,0,0,0,0,0,1,0,0,0,1,0,0,0,0,0,0,1,0
45,2,23,2,5,9.06,9.04,27,4,2,3,3,3,3,3,3,3,4,3,4,4,0,1,0,0,0,1,0,0,0,0,0,1,0,0,0,0,0,0,0,0,1,0,0,0,0,0,0,0,0,1,0,0,1,0
